YYYYMM,Andhra Pradesh-SmallHydro,Andhra Pradesh-Wind,Andhra Pradesh-BioBagasseCogen,Andhra Pradesh-BioOtherCogen,Andhra Pradesh-BioWaste,Andhra Pradesh-BioTotal,Andhra Pradesh-SolarGround,Andhra Pradesh-SolarRoofTop,Andhra Pradesh-SolarTotal,Andhra Pradesh-TotalCapacity,Andhra Pradesh-BioWasteOffgrid,Andhra Pradesh-SolarOffgrid,Andhra Pradesh-SolarinHybrid,Andhra Pradesh-SolarGroundSolar,Andhra Pradesh-SolarRooftopSolar,Andhra Pradesh-SolarHybridSolarComp,Andhra Pradesh-SolarOffgridSolar,Arunachal Pradesh-SmallHydro,Arunachal Pradesh-Wind,Arunachal Pradesh-BioBagasseCogen,Arunachal Pradesh-BioOtherCogen,Arunachal Pradesh-BioWaste,Arunachal Pradesh-BioTotal,Arunachal Pradesh-SolarGround,Arunachal Pradesh-SolarRoofTop,Arunachal Pradesh-SolarTotal,Arunachal Pradesh-TotalCapacity,Arunachal Pradesh-BioWasteOffgrid,Arunachal Pradesh-SolarOffgrid,Arunachal Pradesh-SolarinHybrid,Arunachal Pradesh-SolarGroundSolar,Arunachal Pradesh-SolarRooftopSolar,Arunachal Pradesh-SolarHybridSolarComp,Arunachal Pradesh-SolarOffgridSolar,Assam-SmallHydro,Assam-Wind,Assam-BioBagasseCogen,Assam-BioOtherCogen,Assam-BioWaste,Assam-BioTotal,Assam-SolarGround,Assam-SolarRoofTop,Assam-SolarTotal,Assam-TotalCapacity,Assam-BioWasteOffgrid,Assam-SolarOffgrid,Assam-SolarinHybrid,Assam-SolarGroundSolar,Assam-SolarRooftopSolar,Assam-SolarHybridSolarComp,Assam-SolarOffgridSolar,Bihar-SmallHydro,Bihar-Wind,Bihar-BioBagasseCogen,Bihar-BioOtherCogen,Bihar-BioWaste,Bihar-BioTotal,Bihar-SolarGround,Bihar-SolarRoofTop,Bihar-SolarTotal,Bihar-TotalCapacity,Bihar-BioWasteOffgrid,Bihar-SolarOffgrid,Bihar-SolarinHybrid,Bihar-SolarGroundSolar,Bihar-SolarRooftopSolar,Bihar-SolarHybridSolarComp,Bihar-SolarOffgridSolar,Chhatisgarh-SmallHydro,Chhatisgarh-Wind,Chhatisgarh-BioBagasseCogen,Chhatisgarh-BioOtherCogen,Chhatisgarh-BioWaste,Chhatisgarh-BioTotal,Chhatisgarh-SolarGround,Chhatisgarh-SolarRoofTop,Chhatisgarh-SolarTotal,Chhatisgarh-TotalCapacity,Chhatisgarh-BioWasteOffgrid,Chhatisgarh-SolarOffgrid,Chhatisgarh-SolarinHybrid,Chhatisgarh-SolarGroundSolar,Chhatisgarh-SolarRooftopSolar,Chhatisgarh-SolarHybridSolarComp,Chhatisgarh-SolarOffgridSolar,Goa-SmallHydro,Goa-Wind,Goa-BioBagasseCogen,Goa-BioOtherCogen,Goa-BioWaste,Goa-BioTotal,Goa-SolarGround,Goa-SolarRoofTop,Goa-SolarTotal,Goa-TotalCapacity,Goa-BioWasteOffgrid,Goa-SolarOffgrid,Goa-SolarinHybrid,Goa-SolarGroundSolar,Goa-SolarRooftopSolar,Goa-SolarHybridSolarComp,Goa-SolarOffgridSolar,Gujarat-SmallHydro,Gujarat-Wind,Gujarat-BioBagasseCogen,Gujarat-BioOtherCogen,Gujarat-BioWaste,Gujarat-BioTotal,Gujarat-SolarGround,Gujarat-SolarRoofTop,Gujarat-SolarTotal,Gujarat-TotalCapacity,Gujarat-BioWasteOffgrid,Gujarat-SolarOffgrid,Gujarat-SolarinHybrid,Gujarat-SolarGroundSolar,Gujarat-SolarRooftopSolar,Gujarat-SolarHybridSolarComp,Gujarat-SolarOffgridSolar,Haryana-SmallHydro,Haryana-Wind,Haryana-BioBagasseCogen,Haryana-BioOtherCogen,Haryana-BioWaste,Haryana-BioTotal,Haryana-SolarGround,Haryana-SolarRoofTop,Haryana-SolarTotal,Haryana-TotalCapacity,Haryana-BioWasteOffgrid,Haryana-SolarOffgrid,Haryana-SolarinHybrid,Haryana-SolarGroundSolar,Haryana-SolarRooftopSolar,Haryana-SolarHybridSolarComp,Haryana-SolarOffgridSolar,Himachal Pradesh-SmallHydro,Himachal Pradesh-Wind,Himachal Pradesh-BioBagasseCogen,Himachal Pradesh-BioOtherCogen,Himachal Pradesh-BioWaste,Himachal Pradesh-BioTotal,Himachal Pradesh-SolarGround,Himachal Pradesh-SolarRoofTop,Himachal Pradesh-SolarTotal,Himachal Pradesh-TotalCapacity,Himachal Pradesh-BioWasteOffgrid,Himachal Pradesh-SolarOffgrid,Himachal Pradesh-SolarinHybrid,Himachal Pradesh-SolarGroundSolar,Himachal Pradesh-SolarRooftopSolar,Himachal Pradesh-SolarHybridSolarComp,Himachal Pradesh-SolarOffgridSolar,Jammu & Kashmir-SmallHydro,Jammu & Kashmir-Wind,Jammu & Kashmir-BioBagasseCogen,Jammu & Kashmir-BioOtherCogen,Jammu & Kashmir-BioWaste,Jammu & Kashmir-BioTotal,Jammu & Kashmir-SolarGround,Jammu & Kashmir-SolarRoofTop,Jammu & Kashmir-SolarTotal,Jammu & Kashmir-TotalCapacity,Jammu & Kashmir-BioWasteOffgrid,Jammu & Kashmir-SolarOffgrid,Jammu & Kashmir-SolarinHybrid,Jammu & Kashmir-SolarGroundSolar,Jammu & Kashmir-SolarRooftopSolar,Jammu & Kashmir-SolarHybridSolarComp,Jammu & Kashmir-SolarOffgridSolar,Jharkhand-SmallHydro,Jharkhand-Wind,Jharkhand-BioBagasseCogen,Jharkhand-BioOtherCogen,Jharkhand-BioWaste,Jharkhand-BioTotal,Jharkhand-SolarGround,Jharkhand-SolarRoofTop,Jharkhand-SolarTotal,Jharkhand-TotalCapacity,Jharkhand-BioWasteOffgrid,Jharkhand-SolarOffgrid,Jharkhand-SolarinHybrid,Jharkhand-SolarGroundSolar,Jharkhand-SolarRooftopSolar,Jharkhand-SolarHybridSolarComp,Jharkhand-SolarOffgridSolar,Karnataka-SmallHydro,Karnataka-Wind,Karnataka-BioBagasseCogen,Karnataka-BioOtherCogen,Karnataka-BioWaste,Karnataka-BioTotal,Karnataka-SolarGround,Karnataka-SolarRoofTop,Karnataka-SolarTotal,Karnataka-TotalCapacity,Karnataka-BioWasteOffgrid,Karnataka-SolarOffgrid,Karnataka-SolarinHybrid,Karnataka-SolarGroundSolar,Karnataka-SolarRooftopSolar,Karnataka-SolarHybridSolarComp,Karnataka-SolarOffgridSolar,Kerala-SmallHydro,Kerala-Wind,Kerala-BioBagasseCogen,Kerala-BioOtherCogen,Kerala-BioWaste,Kerala-BioTotal,Kerala-SolarGround,Kerala-SolarRoofTop,Kerala-SolarTotal,Kerala-TotalCapacity,Kerala-BioWasteOffgrid,Kerala-SolarOffgrid,Kerala-SolarinHybrid,Kerala-SolarGroundSolar,Kerala-SolarRooftopSolar,Kerala-SolarHybridSolarComp,Kerala-SolarOffgridSolar,Madhya Pradesh-SmallHydro,Madhya Pradesh-Wind,Madhya Pradesh-BioBagasseCogen,Madhya Pradesh-BioOtherCogen,Madhya Pradesh-BioWaste,Madhya Pradesh-BioTotal,Madhya Pradesh-SolarGround,Madhya Pradesh-SolarRoofTop,Madhya Pradesh-SolarTotal,Madhya Pradesh-TotalCapacity,Madhya Pradesh-BioWasteOffgrid,Madhya Pradesh-SolarOffgrid,Madhya Pradesh-SolarinHybrid,Madhya Pradesh-SolarGroundSolar,Madhya Pradesh-SolarRooftopSolar,Madhya Pradesh-SolarHybridSolarComp,Madhya Pradesh-SolarOffgridSolar,Maharashtra-SmallHydro,Maharashtra-Wind,Maharashtra-BioBagasseCogen,Maharashtra-BioOtherCogen,Maharashtra-BioWaste,Maharashtra-BioTotal,Maharashtra-SolarGround,Maharashtra-SolarRoofTop,Maharashtra-SolarTotal,Maharashtra-TotalCapacity,Maharashtra-BioWasteOffgrid,Maharashtra-SolarOffgrid,Maharashtra-SolarinHybrid,Maharashtra-SolarGroundSolar,Maharashtra-SolarRooftopSolar,Maharashtra-SolarHybridSolarComp,Maharashtra-SolarOffgridSolar,Manipur-SmallHydro,Manipur-Wind,Manipur-BioBagasseCogen,Manipur-BioOtherCogen,Manipur-BioWaste,Manipur-BioTotal,Manipur-SolarGround,Manipur-SolarRoofTop,Manipur-SolarTotal,Manipur-TotalCapacity,Manipur-BioWasteOffgrid,Manipur-SolarOffgrid,Manipur-SolarinHybrid,Manipur-SolarGroundSolar,Manipur-SolarRooftopSolar,Manipur-SolarHybridSolarComp,Manipur-SolarOffgridSolar,Meghalaya-SmallHydro,Meghalaya-Wind,Meghalaya-BioBagasseCogen,Meghalaya-BioOtherCogen,Meghalaya-BioWaste,Meghalaya-BioTotal,Meghalaya-SolarGround,Meghalaya-SolarRoofTop,Meghalaya-SolarTotal,Meghalaya-TotalCapacity,Meghalaya-BioWasteOffgrid,Meghalaya-SolarOffgrid,Meghalaya-SolarinHybrid,Meghalaya-SolarGroundSolar,Meghalaya-SolarRooftopSolar,Meghalaya-SolarHybridSolarComp,Meghalaya-SolarOffgridSolar,Mizoram-SmallHydro,Mizoram-Wind,Mizoram-BioBagasseCogen,Mizoram-BioOtherCogen,Mizoram-BioWaste,Mizoram-BioTotal,Mizoram-SolarGround,Mizoram-SolarRoofTop,Mizoram-SolarTotal,Mizoram-TotalCapacity,Mizoram-BioWasteOffgrid,Mizoram-SolarOffgrid,Mizoram-SolarinHybrid,Mizoram-SolarGroundSolar,Mizoram-SolarRooftopSolar,Mizoram-SolarHybridSolarComp,Mizoram-SolarOffgridSolar,Nagaland-SmallHydro,Nagaland-Wind,Nagaland-BioBagasseCogen,Nagaland-BioOtherCogen,Nagaland-BioWaste,Nagaland-BioTotal,Nagaland-SolarGround,Nagaland-SolarRoofTop,Nagaland-SolarTotal,Nagaland-TotalCapacity,Nagaland-BioWasteOffgrid,Nagaland-SolarOffgrid,Nagaland-SolarinHybrid,Nagaland-SolarGroundSolar,Nagaland-SolarRooftopSolar,Nagaland-SolarHybridSolarComp,Nagaland-SolarOffgridSolar,Odisha-SmallHydro,Odisha-Wind,Odisha-BioBagasseCogen,Odisha-BioOtherCogen,Odisha-BioWaste,Odisha-BioTotal,Odisha-SolarGround,Odisha-SolarRoofTop,Odisha-SolarTotal,Odisha-TotalCapacity,Odisha-BioWasteOffgrid,Odisha-SolarOffgrid,Odisha-SolarinHybrid,Odisha-SolarGroundSolar,Odisha-SolarRooftopSolar,Odisha-SolarHybridSolarComp,Odisha-SolarOffgridSolar,Punjab-SmallHydro,Punjab-Wind,Punjab-BioBagasseCogen,Punjab-BioOtherCogen,Punjab-BioWaste,Punjab-BioTotal,Punjab-SolarGround,Punjab-SolarRoofTop,Punjab-SolarTotal,Punjab-TotalCapacity,Punjab-BioWasteOffgrid,Punjab-SolarOffgrid,Punjab-SolarinHybrid,Punjab-SolarGroundSolar,Punjab-SolarRooftopSolar,Punjab-SolarHybridSolarComp,Punjab-SolarOffgridSolar,Rajasthan-SmallHydro,Rajasthan-Wind,Rajasthan-BioBagasseCogen,Rajasthan-BioOtherCogen,Rajasthan-BioWaste,Rajasthan-BioTotal,Rajasthan-SolarGround,Rajasthan-SolarRoofTop,Rajasthan-SolarTotal,Rajasthan-TotalCapacity,Rajasthan-BioWasteOffgrid,Rajasthan-SolarOffgrid,Rajasthan-SolarinHybrid,Rajasthan-SolarGroundSolar,Rajasthan-SolarRooftopSolar,Rajasthan-SolarHybridSolarComp,Rajasthan-SolarOffgridSolar,Sikkim-SmallHydro,Sikkim-Wind,Sikkim-BioBagasseCogen,Sikkim-BioOtherCogen,Sikkim-BioWaste,Sikkim-BioTotal,Sikkim-SolarGround,Sikkim-SolarRoofTop,Sikkim-SolarTotal,Sikkim-TotalCapacity,Sikkim-BioWasteOffgrid,Sikkim-SolarOffgrid,Sikkim-SolarinHybrid,Sikkim-SolarGroundSolar,Sikkim-SolarRooftopSolar,Sikkim-SolarHybridSolarComp,Sikkim-SolarOffgridSolar,Tamil Nadu-SmallHydro,Tamil Nadu-Wind,Tamil Nadu-BioBagasseCogen,Tamil Nadu-BioOtherCogen,Tamil Nadu-BioWaste,Tamil Nadu-BioTotal,Tamil Nadu-SolarGround,Tamil Nadu-SolarRoofTop,Tamil Nadu-SolarTotal,Tamil Nadu-TotalCapacity,Tamil Nadu-BioWasteOffgrid,Tamil Nadu-SolarOffgrid,Tamil Nadu-SolarinHybrid,Tamil Nadu-SolarGroundSolar,Tamil Nadu-SolarRooftopSolar,Tamil Nadu-SolarHybridSolarComp,Tamil Nadu-SolarOffgridSolar,Telangana-SmallHydro,Telangana-Wind,Telangana-BioBagasseCogen,Telangana-BioOtherCogen,Telangana-BioWaste,Telangana-BioTotal,Telangana-SolarGround,Telangana-SolarRoofTop,Telangana-SolarTotal,Telangana-TotalCapacity,Telangana-BioWasteOffgrid,Telangana-SolarOffgrid,Telangana-SolarinHybrid,Telangana-SolarGroundSolar,Telangana-SolarRooftopSolar,Telangana-SolarHybridSolarComp,Telangana-SolarOffgridSolar,Tripura-SmallHydro,Tripura-Wind,Tripura-BioBagasseCogen,Tripura-BioOtherCogen,Tripura-BioWaste,Tripura-BioTotal,Tripura-SolarGround,Tripura-SolarRoofTop,Tripura-SolarTotal,Tripura-TotalCapacity,Tripura-BioWasteOffgrid,Tripura-SolarOffgrid,Tripura-SolarinHybrid,Tripura-SolarGroundSolar,Tripura-SolarRooftopSolar,Tripura-SolarHybridSolarComp,Tripura-SolarOffgridSolar,Uttar Pradesh-SmallHydro,Uttar Pradesh-Wind,Uttar Pradesh-BioBagasseCogen,Uttar Pradesh-BioOtherCogen,Uttar Pradesh-BioWaste,Uttar Pradesh-BioTotal,Uttar Pradesh-SolarGround,Uttar Pradesh-SolarRoofTop,Uttar Pradesh-SolarTotal,Uttar Pradesh-TotalCapacity,Uttar Pradesh-BioWasteOffgrid,Uttar Pradesh-SolarOffgrid,Uttar Pradesh-SolarinHybrid,Uttar Pradesh-SolarGroundSolar,Uttar Pradesh-SolarRooftopSolar,Uttar Pradesh-SolarHybridSolarComp,Uttar Pradesh-SolarOffgridSolar,Uttarakhand-SmallHydro,Uttarakhand-Wind,Uttarakhand-BioBagasseCogen,Uttarakhand-BioOtherCogen,Uttarakhand-BioWaste,Uttarakhand-BioTotal,Uttarakhand-SolarGround,Uttarakhand-SolarRoofTop,Uttarakhand-SolarTotal,Uttarakhand-TotalCapacity,Uttarakhand-BioWasteOffgrid,Uttarakhand-SolarOffgrid,Uttarakhand-SolarinHybrid,Uttarakhand-SolarGroundSolar,Uttarakhand-SolarRooftopSolar,Uttarakhand-SolarHybridSolarComp,Uttarakhand-SolarOffgridSolar,West Bengal-SmallHydro,West Bengal-Wind,West Bengal-BioBagasseCogen,West Bengal-BioOtherCogen,West Bengal-BioWaste,West Bengal-BioTotal,West Bengal-SolarGround,West Bengal-SolarRoofTop,West Bengal-SolarTotal,West Bengal-TotalCapacity,West Bengal-BioWasteOffgrid,West Bengal-SolarOffgrid,West Bengal-SolarinHybrid,West Bengal-SolarGroundSolar,West Bengal-SolarRooftopSolar,West Bengal-SolarHybridSolarComp,West Bengal-SolarOffgridSolar,Andaman & Nicobar-SmallHydro,Andaman & Nicobar-Wind,Andaman & Nicobar-BioBagasseCogen,Andaman & Nicobar-BioOtherCogen,Andaman & Nicobar-BioWaste,Andaman & Nicobar-BioTotal,Andaman & Nicobar-SolarGround,Andaman & Nicobar-SolarRoofTop,Andaman & Nicobar-SolarTotal,Andaman & Nicobar-TotalCapacity,Andaman & Nicobar-BioWasteOffgrid,Andaman & Nicobar-SolarOffgrid,Andaman & Nicobar-SolarinHybrid,Andaman & Nicobar-SolarGroundSolar,Andaman & Nicobar-SolarRooftopSolar,Andaman & Nicobar-SolarHybridSolarComp,Andaman & Nicobar-SolarOffgridSolar,Chandigarh-SmallHydro,Chandigarh-Wind,Chandigarh-BioBagasseCogen,Chandigarh-BioOtherCogen,Chandigarh-BioWaste,Chandigarh-BioTotal,Chandigarh-SolarGround,Chandigarh-SolarRoofTop,Chandigarh-SolarTotal,Chandigarh-TotalCapacity,Chandigarh-BioWasteOffgrid,Chandigarh-SolarOffgrid,Chandigarh-SolarinHybrid,Chandigarh-SolarGroundSolar,Chandigarh-SolarRooftopSolar,Chandigarh-SolarHybridSolarComp,Chandigarh-SolarOffgridSolar,Dadar & Nagar Haveli-SmallHydro,Dadar & Nagar Haveli-Wind,Dadar & Nagar Haveli-BioBagasseCogen,Dadar & Nagar Haveli-BioOtherCogen,Dadar & Nagar Haveli-BioWaste,Dadar & Nagar Haveli-BioTotal,Dadar & Nagar Haveli-SolarGround,Dadar & Nagar Haveli-SolarRoofTop,Dadar & Nagar Haveli-SolarTotal,Dadar & Nagar Haveli-TotalCapacity,Dadar & Nagar Haveli-BioWasteOffgrid,Dadar & Nagar Haveli-SolarOffgrid,Dadar & Nagar Haveli-SolarinHybrid,Dadar & Nagar Haveli-SolarGroundSolar,Dadar & Nagar Haveli-SolarRooftopSolar,Dadar & Nagar Haveli-SolarHybridSolarComp,Dadar & Nagar Haveli-SolarOffgridSolar,Daman & Diu-SmallHydro,Daman & Diu-Wind,Daman & Diu-BioBagasseCogen,Daman & Diu-BioOtherCogen,Daman & Diu-BioWaste,Daman & Diu-BioTotal,Daman & Diu-SolarGround,Daman & Diu-SolarRoofTop,Daman & Diu-SolarTotal,Daman & Diu-TotalCapacity,Daman & Diu-BioWasteOffgrid,Daman & Diu-SolarOffgrid,Daman & Diu-SolarinHybrid,Daman & Diu-SolarGroundSolar,Daman & Diu-SolarRooftopSolar,Daman & Diu-SolarHybridSolarComp,Daman & Diu-SolarOffgridSolar,Delhi-SmallHydro,Delhi-Wind,Delhi-BioBagasseCogen,Delhi-BioOtherCogen,Delhi-BioWaste,Delhi-BioTotal,Delhi-SolarGround,Delhi-SolarRoofTop,Delhi-SolarTotal,Delhi-TotalCapacity,Delhi-BioWasteOffgrid,Delhi-SolarOffgrid,Delhi-SolarinHybrid,Delhi-SolarGroundSolar,Delhi-SolarRooftopSolar,Delhi-SolarHybridSolarComp,Delhi-SolarOffgridSolar,Lakshwadeep-SmallHydro,Lakshwadeep-Wind,Lakshwadeep-BioBagasseCogen,Lakshwadeep-BioOtherCogen,Lakshwadeep-BioWaste,Lakshwadeep-BioTotal,Lakshwadeep-SolarGround,Lakshwadeep-SolarRoofTop,Lakshwadeep-SolarTotal,Lakshwadeep-TotalCapacity,Lakshwadeep-BioWasteOffgrid,Lakshwadeep-SolarOffgrid,Lakshwadeep-SolarinHybrid,Lakshwadeep-SolarGroundSolar,Lakshwadeep-SolarRooftopSolar,Lakshwadeep-SolarHybridSolarComp,Lakshwadeep-SolarOffgridSolar,Pondicherry-SmallHydro,Pondicherry-Wind,Pondicherry-BioBagasseCogen,Pondicherry-BioOtherCogen,Pondicherry-BioWaste,Pondicherry-BioTotal,Pondicherry-SolarGround,Pondicherry-SolarRoofTop,Pondicherry-SolarTotal,Pondicherry-TotalCapacity,Pondicherry-BioWasteOffgrid,Pondicherry-SolarOffgrid,Pondicherry-SolarinHybrid,Pondicherry-SolarGroundSolar,Pondicherry-SolarRooftopSolar,Pondicherry-SolarHybridSolarComp,Pondicherry-SolarOffgridSolar,Others-SmallHydro,Others-Wind,Others-BioBagasseCogen,Others-BioOtherCogen,Others-BioWaste,Others-BioTotal,Others-SolarGround,Others-SolarRoofTop,Others-SolarTotal,Others-TotalCapacity,Others-BioWasteOffgrid,Others-SolarOffgrid,Others-SolarinHybrid,Others-SolarGroundSolar,Others-SolarRooftopSolar,Others-SolarHybridSolarComp,Others-SolarOffgridSolar,Ladakh-SmallHydro,Ladakh-Wind,Ladakh-BioBagasseCogen,Ladakh-BioOtherCogen,Ladakh-BioWaste,Ladakh-BioTotal,Ladakh-SolarGround,Ladakh-SolarRoofTop,Ladakh-SolarTotal,Ladakh-TotalCapacity,Ladakh-BioWasteOffgrid,Ladakh-SolarOffgrid,Ladakh-SolarinHybrid,Ladakh-SolarGroundSolar,Ladakh-SolarRooftopSolar,Ladakh-SolarHybridSolarComp,Ladakh-SolarOffgridSolar
201903,162.11,4090.45,378.2,98.98,23.16,500.34,3027.15,58.53,3085.68,7838.58,,,,,,,,131.105,,,,,,1.27,4.12,5.39,136.495,,,,,,,,34.11,,,,,,10.67,11.73,22.4,56.51,,,,,,,,70.7,,113,8.2,,121.2,138.93,3.52,142.45,334.35,,,,,,,,76,,228,2.5,,230.5,215.83,15.52,231.35,537.85,,,,,,,,0.05,,,,,,0.95,2.97,3.92,3.97,,,,,,,,61.3,6073.07,65.3,12,,77.3,2113.46,326.67,2440.13,8651.8,,,,,,,,73.5,,121.4,84.26,,205.66,130.8,93.72,224.52,503.68,,,,,,,,860.61,,,7.2,,7.2,17,5.68,22.68,890.49,,,,,,,,179.03,,,,,,8.49,6.34,14.83,193.86,,,,,,,,4.05,,,4.3,,4.3,19.05,15.9,34.95,43.3,,,,,,,,1254.73,4694.9,1783.6,15.2,1,1799.8,5936.06,159.5,6095.56,13844.99,,,,,,,,222.02,52.5,,0.72,,0.72,100,38.59,138.59,413.83,,,,,,,,95.91,2519.89,93,12.35,15.4,120.75,1806.53,33.63,1840.16,4576.71,,,,,,,,375.57,4794.13,2499.7,16.4,12.59,2528.69,1447.3,186.24,1633.54,9331.93,,,,,,,,5.45,,,,,,,3.44,3.44,8.89,,,,,,,,32.53,,,13.8,,13.8,,0.12,0.12,46.45,,,,,,,,36.47,,,,,,0.1,0.4,0.5,36.97,,,,,,,,30.67,,,,,,,1,1,31.67,,,,,,,,64.625,,50.4,8.82,,59.22,383.56,11.17,394.73,518.575,,,,,,,,173.55,,194,123.1,9.25,326.35,828.1,77.52,905.62,1405.52,,,,,,,,23.85,4299.72,119.3,2,,121.3,3072.43,154.36,3226.79,7671.66,,,,,,,,52.11,,,,,,,0.01,0.01,52.12,,,,,,,,123.05,8968.905,969,28.55,6.4,1003.95,2432.27,142.95,2575.22,12671.125,,,,,,,,90.87,128.1,158.1,1,18.5,177.6,3519.27,72.82,3592.09,3988.66,,,,,,,,16.01,,,,,,5,0.09,5.09,21.1,,,,,,,,25.1,,1957.5,158.01,,2115.51,844,116.1,960.1,3100.71,,,,,,,,214.32,,73,57.5,,130.5,239.78,66.97,306.75,651.57,,,,,,,,98.5,,300,19.92,,319.92,50,25.95,75.95,494.37,,,,,,,,5.25,,,,,,7.6,4.13,11.73,16.98,,,,,,,,,,,,,,6.34,28.37,34.71,34.71,,,,,,,,,,,,,,2.49,2.97,5.46,5.46,,,,,,,,,,,,,,10.15,4.32,14.47,14.47,,,,,,,,,,,,52,52,8.96,117.93,126.89,178.89,,,,,,,,,,,,,,0.75,,0.75,0.75,,,,,,,,,,,,,,0.03,3.11,3.14,3.14,,,,,,,,,4.3,,,,,,,,4.3,,,,,,,,,,,,,,,,,,,,,,,,
201904,162.11,4092.45,378.2,98.98,23.16,500.34,3030.74,58.53,3089.27,7844.17,,,,,,,,131.105,,,,,,1.27,4.12,5.39,136.495,,,,,,,,34.11,,,,,,10.67,11.73,22.4,56.51,,,,,,,,70.7,,113,8.2,,121.2,138.93,3.52,142.45,334.35,,,,,,,,76,,228,2.5,,230.5,215.83,15.52,231.35,537.85,,,,,,,,0.05,,,,,,0.95,2.97,3.92,3.97,,,,,,,,61.3,6102.67,65.3,12,,77.3,2147.75,346.1,2493.85,8735.12,,,,,,,,73.5,,121.4,84.26,,205.66,130.8,93.72,224.52,503.68,,,,,,,,860.61,,,7.2,,7.2,17,5.68,22.68,890.49,,,,,,,,180.03,,,,,,8.49,6.34,14.83,194.86,,,,,,,,4.05,,,4.3,,4.3,19.05,17.42,36.47,44.82,,,,,,,,1254.73,4694.9,1811.6,15.2,1,1827.8,5944.06,184.79,6128.85,13906.28,,,,,,,,222.02,52.5,,0.72,,0.72,100,38.59,138.59,413.83,,,,,,,,95.91,2519.89,93,12.35,15.4,120.75,1906.53,33.63,1940.16,4676.71,,,,,,,,375.57,4794.13,2499.7,16.4,12.59,2528.69,1447.3,186.24,1633.54,9331.93,,,,,,,,5.45,,,,,,,3.44,3.44,8.89,,,,,,,,32.53,,,13.8,,13.8,,0.12,0.12,46.45,,,,,,,,36.47,,,,,,0.1,0.4,0.5,36.97,,,,,,,,30.67,,,,,,,1,1,31.67,,,,,,,,64.625,,50.4,8.82,,59.22,383.56,11.17,394.73,518.575,,,,,,,,173.55,,194,123.1,9.25,326.35,828.1,77.52,905.62,1405.52,,,,,,,,23.85,4299.72,119.3,2,,121.3,3283.84,154.36,3438.2,7883.07,,,,,,,,52.11,,,,,,,0.01,0.01,52.12,,,,,,,,123.05,9127.22,969,28.55,6.4,1003.95,2520.53,142.95,2663.48,12917.7,,,,,,,,90.87,128.1,158.1,1,18.5,177.6,3519.27,79.53,3598.8,3995.37,,,,,,,,16.01,,,,,,5,0.09,5.09,21.1,,,,,,,,25.1,,1957.5,158.01,,2115.51,844,116.1,960.1,3100.71,,,,,,,,214.32,,73,57.5,,130.5,239.78,66.97,306.75,651.57,,,,,,,,98.5,,300,19.92,,319.92,50,25.95,75.95,494.37,,,,,,,,5.25,,,,,,7.6,4.13,11.73,16.98,,,,,,,,,,,,,,6.34,28.37,34.71,34.71,,,,,,,,,,,,,,2.49,2.97,5.46,5.46,,,,,,,,,,,,,,10.15,4.32,14.47,14.47,,,,,,,,,,,,52,52,8.96,117.93,126.89,178.89,,,,,,,,,,,,,,0.75,,0.75,0.75,,,,,,,,,,,,,,0.03,3.11,3.14,3.14,,,,,,,,,4.3,,,,,,,,4.3,,,,,,,,,,,,,,,,,,,,,,,,
201905,162.11,4092.45,378.2,98.98,23.16,500.34,3230.74,60.02,3290.76,8045.66,,,,,,,,131.105,,,,,,1.27,4.12,5.39,136.495,,,,,,,,34.11,,,,,,10.67,16.2,26.87,60.98,,,,,,,,70.7,,113,8.2,,121.2,138.93,6.02,144.95,336.85,,,,,,,,76,,228,2.5,,230.5,215.83,15.52,231.35,537.85,,,,,,,,0.05,,,,,,0.95,3.83,4.78,4.83,,,,,,,,61.3,6290.47,65.3,12,,77.3,2200.57,363.57,2564.14,8993.21,,,,,,,,73.5,,121.4,84.26,,205.66,130.8,101.36,232.16,511.32,,,,,,,,870.21,,,7.2,,7.2,17,7.02,24.02,901.43,,,,,,,,180.03,,,,,,8.49,6.63,15.12,195.15,,,,,,,,4.05,,,4.3,,4.3,19.05,17.42,36.47,44.82,,,,,,,,1254.73,4714.7,1811.6,15.2,1,1827.8,5944.06,190.85,6134.91,13932.14,,,,,,,,222.02,52.5,,0.72,,0.72,100,40.33,140.33,415.57,,,,,,,,95.91,2519.89,93,12.35,15.4,120.75,1956.53,35.72,1992.25,4728.8,,,,,,,,375.57,4794.13,2499.7,16.4,12.59,2528.69,1447.3,191.85,1639.15,9337.54,,,,,,,,5.45,,,,,,,3.47,3.47,8.92,,,,,,,,32.53,,,13.8,,13.8,,0.12,0.12,46.45,,,,,,,,36.47,,,,,,0.1,0.41,0.51,36.98,,,,,,,,30.67,,,,,,,1,1,31.67,,,,,,,,64.625,,50.4,8.82,,59.22,383.56,13.33,396.89,520.735,,,,,,,,173.55,,194,123.1,9.25,326.35,828.1,77.52,905.62,1405.52,,,,,,,,23.85,4299.72,119.3,2,,121.3,3396.64,154.36,3551,7995.87,,,,,,,,52.11,,,,,,,0.01,0.01,52.12,,,,,,,,123.05,9192.86,969,28.55,6.4,1003.95,2663.48,148.57,2812.05,13131.91,,,,,,,,90.87,128.1,158.1,1,18.5,177.6,3519.27,79.53,3598.8,3995.37,,,,,,,,16.01,,,,,,5,4.41,9.41,25.42,,,,,,,,25.1,,1957.5,158.01,,2115.51,899,146.1,1045.1,3185.71,,,,,,,,214.32,,73,57.5,,130.5,239.78,70.06,309.84,654.66,,,,,,,,98.5,,300,19.92,,319.92,50,39.43,89.43,507.85,,,,,,,,5.25,,,,,,7.6,4.13,11.73,16.98,,,,,,,,,,,,,,6.34,28.37,34.71,34.71,,,,,,,,,,,,,,2.49,2.97,5.46,5.46,,,,,,,,,,,,,,10.15,5.26,15.41,15.41,,,,,,,,,,,,52,52,8.96,123.19,132.15,184.15,,,,,,,,,,,,,,0.75,,0.75,0.75,,,,,,,,,,,,,,0.03,3.11,3.14,3.14,,,,,,,,,4.3,,,,,,,,4.3,,,,,,,,,,,,,,,,,,,,,,,,
201906,162.11,4092.45,378.2,98.98,23.16,500.34,3230.74,76.55,3307.29,8062.19,,,,,,,,131.105,,,,,,1.27,4.12,5.39,136.495,,,,,,,,34.11,,,,,,10.67,18.67,29.34,63.45,,,,,,,,70.7,,113,8.2,,121.2,138.93,6.89,145.82,337.72,,,,,,,,76,,228,2.5,,230.5,215.83,15.52,231.35,537.85,,,,,,,,0.05,,,,,,0.95,3.83,4.78,4.83,,,,,,,,62.352,6563.07,65.3,12,,77.3,2243.38,378.83,2622.21,9324.932,,,,,,,,73.5,,121.4,84.26,,205.66,130.8,109.47,240.27,519.43,,,,,,,,870.21,,,7.2,,7.2,17,8.43,25.43,902.84,,,,,,,,180.03,,,,,,8.49,7.88,16.37,196.4,,,,,,,,4.05,,,4.3,,4.3,19.05,17.42,36.47,44.82,,,,,,,,1254.73,4714.7,1811.6,15.2,1,1827.8,5944.06,201.65,6145.71,13942.94,,,,,,,,222.02,52.5,,0.72,,0.72,100,41.23,141.23,416.47,,,,,,,,95.91,2519.89,93,12.35,15.4,120.75,1956.53,39.34,1995.87,4732.42,,,,,,,,375.57,4794.13,2499.7,16.4,12.59,2528.69,1447.3,196.55,1643.85,9342.24,,,,,,,,5.45,,,,,,,3.64,3.64,9.09,,,,,,,,32.53,,,13.8,,13.8,,0.12,0.12,46.45,,,,,,,,36.47,,,,,,0.1,0.56,0.66,37.13,,,,,,,,30.67,,,,,,,1,1,31.67,,,,,,,,64.625,,50.4,8.82,,59.22,383.56,13.52,397.08,520.925,,,,,,,,173.55,,194,123.1,9.25,326.35,828.1,77.52,905.62,1405.52,,,,,,,,23.85,4299.72,119.3,2,,121.3,3398.44,154.36,3552.8,7997.67,,,,,,,,52.11,,,,,,,0.01,0.01,52.12,,,,,,,,123.05,9199.61,969,28.55,6.4,1003.95,2663.48,151.51,2814.99,13141.6,,,,,,,,90.87,128.1,158.1,1,18.5,177.6,3530.29,90.46,3620.75,4017.32,,,,,,,,16.01,,,,,,5,4.41,9.41,25.42,,,,,,,,25.1,,1957.5,158.01,,2115.51,899,146.1,1045.1,3185.71,,,,,,,,214.32,,73,57.5,,130.5,239.78,72.88,312.66,657.48,,,,,,,,98.5,,300,19.92,,319.92,50,40.64,90.64,509.06,,,,,,,,5.25,,,,,,7.6,4.13,11.73,16.98,,,,,,,,,,,,,,6.34,28.37,34.71,34.71,,,,,,,,,,,,,,2.49,2.97,5.46,5.46,,,,,,,,,,,,,,10.15,5.3,15.45,15.45,,,,,,,,,,,,52,52,8.96,123.19,132.15,184.15,,,,,,,,,,,,,,0.75,,0.75,0.75,,,,,,,,,,,,,,0.03,3.17,3.2,3.2,,,,,,,,,4.3,,,,,,,,4.3,,,,,,,,,,,,,,,,,,,,,,,,
201907,162.11,4092.45,378.2,98.98,23.16,500.34,3230.74,77.94,3308.68,8063.58,,,,,,,,131.105,,,,,,1.27,4.33,5.6,136.705,,,,,,,,34.11,,,,,,10.67,30.4,41.07,75.18,,,,,,,,70.7,,113,8.2,,121.2,138.93,6.92,145.85,337.75,,,,,,,,76,,228,2.5,,230.5,215.83,15.52,231.35,537.85,,,,,,,,0.05,,,,,,0.95,3.83,4.78,4.83,,,,,,,,62.352,6860.77,65.3,12,,77.3,2257.09,390.63,2647.72,9648.142,,,,,,,,73.5,,121.4,84.26,,205.66,130.8,111.25,242.05,521.21,,,,,,,,870.21,,,7.2,,7.2,17,9.88,26.88,904.29,,,,,,,,180.03,,,,,,8.49,10.27,18.76,198.79,,,,,,,,4.05,,,4.3,,4.3,19.05,19.15,38.2,46.55,,,,,,,,1254.73,4723.1,1811.6,15.2,1,1827.8,6097.56,205.41,6302.97,14108.6,,,,,,,,222.02,62.5,,0.72,,0.72,100,41.35,141.35,426.59,,,,,,,,95.91,2519.89,93,12.35,15.4,120.75,2059.28,41.48,2100.76,4837.31,,,,,,,,375.57,4794.13,2499.7,16.4,12.59,2528.69,1447.3,202.36,1649.66,9348.05,,,,,,,,5.45,,,,,,,3.69,3.69,9.14,,,,,,,,32.53,,,13.8,,13.8,,0.12,0.12,46.45,,,,,,,,36.47,,,,,,0.1,1.3,1.4,37.87,,,,,,,,30.67,,,,,,,1,1,31.67,,,,,,,,64.625,,50.4,8.82,,59.22,383.56,13.72,397.28,521.125,,,,,,,,173.55,,194,123.1,9.25,326.35,828.58,118.52,947.1,1447,,,,,,,,23.85,4299.72,119.3,2,,121.3,3554.27,154.36,3708.63,8153.5,,,,,,,,52.11,,,,,,,0.07,0.07,52.18,,,,,,,,123.05,9201.86,969,28.55,6.4,1003.95,2663.48,151.63,2815.11,13143.97,,,,,,,,90.87,128.1,158.1,1,18.5,177.6,3530.29,90.46,3620.75,4017.32,,,,,,,,16.01,,,,,,5,4.41,9.41,25.42,,,,,,,,25.1,,1957.5,158.01,,2115.51,899,146.1,1045.1,3185.71,,,,,,,,214.32,,73,57.5,,130.5,239.78,74.92,314.7,659.52,,,,,,,,98.5,,300,19.92,,319.92,55,41.03,96.03,514.45,,,,,,,,5.25,,,,,,7.6,4.13,11.73,16.98,,,,,,,,,,,,,,6.34,30.23,36.57,36.57,,,,,,,,,,,,,,2.49,2.97,5.46,5.46,,,,,,,,,,,,,,10.15,5.3,15.45,15.45,,,,,,,,,,,,52,52,8.96,123.19,132.15,184.15,,,,,,,,,,,,,,0.75,,0.75,0.75,,,,,,,,,,,,,,0.03,3.17,3.2,3.2,,,,,,,,,4.3,,,,,,,,4.3,,,,,,,,,,,,,,,,,,,,,,,,
201908,162.11,4092.45,378.2,98.98,23.16,500.34,3230.74,79.93,3310.67,8065.57,,,,,,,,131.105,,,,,,1.27,4.34,5.61,136.715,,,,,,,,34.11,,,,,,10.67,30.4,41.07,75.18,,,,,,,,70.7,,113,8.2,,121.2,138.93,6.92,145.85,337.75,,,,,,,,76,,228,2.5,,230.5,215.83,15.52,231.35,537.85,,,,,,,,0.05,,,,,,0.95,3.83,4.78,4.83,,,,,,,,62.352,6920.17,65.3,12,,77.3,2257.09,397.31,2654.4,9714.222,,,,,,,,73.5,,121.4,84.26,,205.66,130.8,111.98,242.78,521.94,,,,,,,,870.21,,,7.2,,7.2,17,10.39,27.39,904.8,,,,,,,,180.03,,,,,,8.49,10.64,19.13,199.16,,,,,,,,4.05,,,4.3,,4.3,19.05,19.15,38.2,46.55,,,,,,,,1254.73,4727.3,1811.6,15.2,1,1827.8,6202.56,205.41,6407.97,14217.8,,,,,,,,222.02,62.5,,0.72,,0.72,100,41.36,141.36,426.6,,,,,,,,95.91,2519.89,93,12.35,15.4,120.75,2067.78,45.23,2113.01,4849.56,,,,,,,,379.575,4794.13,2499.7,16.4,12.59,2528.69,1447.3,210.57,1657.87,9360.265,,,,,,,,5.45,,,,,,,4,4,9.45,,,,,,,,32.53,,,13.8,,13.8,,0.12,0.12,46.45,,,,,,,,36.47,,,,,,0.1,1.3,1.4,37.87,,,,,,,,30.67,,,,,,,1,1,31.67,,,,,,,,64.625,,50.4,8.82,,59.22,383.56,13.72,397.28,521.125,,,,,,,,173.55,,194,123.1,10.75,327.85,828.58,118.52,947.1,1448.5,,,,,,,,23.85,4299.72,119.3,2,,121.3,3765.67,160,3925.67,8370.54,,,,,,,,52.11,,,,,,,0.07,0.07,52.18,,,,,,,,123.05,9201.86,969,28.55,6.4,1003.95,2944.64,153.33,3097.97,13426.83,,,,,,,,90.87,128.1,158.1,1,18.5,177.6,3530.29,90.46,3620.75,4017.32,,,,,,,,16.01,,,,,,5,4.41,9.41,25.42,,,,,,,,25.1,,1957.5,158.01,,2115.51,899,146.1,1045.1,3185.71,,,,,,,,214.32,,73,57.5,,130.5,239.78,75.21,314.99,659.81,,,,,,,,98.5,,300,19.92,,319.92,55,41.82,96.82,515.24,,,,,,,,5.25,,,,,,7.6,4.13,11.73,16.98,,,,,,,,,,,,,,6.34,30.65,36.99,36.99,,,,,,,,,,,,,,2.49,2.97,5.46,5.46,,,,,,,,,,,,,,10.15,5.3,15.45,15.45,,,,,,,,,,,,52,52,8.96,123.19,132.15,184.15,,,,,,,,,,,,,,0.75,,0.75,0.75,,,,,,,,,,,,,,0.03,3.17,3.2,3.2,,,,,,,,,4.3,,,,,,,,4.3,,,,,,,,,,,,,,,,,,,,,,,,
201910,162.11,4092.45,378.2,98.98,23.16,500.34,3230.74,86.08,3316.82,8071.72,,,,,,,,131.105,,,,,,1.27,4.34,5.61,136.715,,,,,,,,34.11,,,,,,10.67,30.56,41.23,75.34,,,,,,,,70.7,,113,8.2,,121.2,138.93,10.42,149.35,341.25,,,,,,,,76,,228,2.5,,230.5,215.83,15.52,231.35,537.85,,,,,,,,0.05,,,,,,0.95,3.83,4.78,4.83,,,,,,,,62.352,7203.77,65.3,12,,77.3,2282.49,405.08,2687.57,10030.992,,,,,,,,73.5,,121.4,84.26,,205.66,130.8,116.72,247.52,526.68,,,,,,,,906.51,,,7.2,,7.2,17,12.63,29.63,943.34,,,,,,,,180.03,,,,,,8.49,10.64,19.13,199.16,,,,,,,,4.05,,,4.3,,4.3,19.05,19.35,38.4,46.75,,,,,,,,1256.73,4753.4,1811.6,15.2,1,1827.8,6276.16,221.26,6497.42,14335.35,,,,,,,,222.02,62.5,,0.72,,0.72,100,41.39,141.39,426.63,,,,,,,,95.91,2519.89,93,12.35,15.4,120.75,2067.78,48.3,2116.08,4852.63,,,,,,,,379.575,4794.13,2499.7,16.4,12.59,2528.69,1447.3,214.03,1661.33,9363.725,,,,,,,,5.45,,,,,,,4.3,4.3,9.75,,,,,,,,32.53,,,13.8,,13.8,,0.12,0.12,46.45,,,,,,,,36.47,,,,,,0.1,1.32,1.42,37.89,,,,,,,,30.67,,,,,,,1,1,31.67,,,,,,,,64.625,,50.4,8.82,,59.22,383.56,13.72,397.28,521.125,,,,,,,,173.55,,194,123.1,10.75,327.85,828.58,118.52,947.1,1448.5,,,,,,,,23.85,4299.72,119.3,2,,121.3,4536.48,201.15,4737.63,9182.5,,,,,,,,52.11,,,,,,,0.07,0.07,52.18,,,,,,,,123.05,9231.76,969,28.55,6.4,1003.95,2944.64,153.33,3097.97,13456.73,,,,,,,,90.87,128.1,158.1,1,18.5,177.6,3530.29,90.46,3620.75,4017.32,,,,,,,,16.01,,,,,,5,4.41,9.41,25.42,,,,,,,,25.1,,1957.5,158.01,,2115.51,899,146.1,1045.1,3185.71,,,,,,,,214.32,,73,57.5,,130.5,239.78,75.21,314.99,659.81,,,,,,,,98.5,,300,19.92,,319.92,66.25,42.24,108.49,526.91,,,,,,,,5.25,,,,,,7.6,4.59,12.19,17.44,,,,,,,,,,,,,,6.34,30.65,36.99,36.99,,,,,,,,,,,,,,2.49,2.97,5.46,5.46,,,,,,,,,,,,,,10.15,5.87,16.02,16.02,,,,,,,,,,,,52,52,8.96,139.45,148.41,200.41,,,,,,,,,,,,,,0.75,,0.75,0.75,,,,,,,,,,,,,,0.03,3.17,3.2,3.2,,,,,,,,,4.3,,,,,,,,4.3,,,,,,,,,,,,,,,,,,,,,,,,
201912,162.11,4092.45,378.2,98.98,23.16,500.34,3470.99,88.03,3559.02,8313.92,,,,,,,,131.105,,,,,,1.27,4.34,5.61,136.715,,,,,,,,34.11,,,,,,10.67,30.56,41.23,75.34,,,,,,,,70.7,,113,8.2,,121.2,138.93,10.42,149.35,341.25,,,,,,,,76,,228,2.5,,230.5,215.83,15.52,231.35,537.85,,,,,,,,0.05,,,,,,0.95,3.83,4.78,4.83,,,,,,,,62.352,7359.22,65.3,12,,77.3,2346.92,416.63,2763.55,10262.422,,,,,,,,73.5,,121.4,84.26,,205.66,130.8,118.47,249.27,528.43,,,,,,,,906.51,,,7.2,,7.2,17,15.57,32.57,946.28,,,,,,,,180.48,,,,,,8.49,10.81,19.3,199.78,,,,,,,,4.05,,,4.3,,4.3,19.05,19.35,38.4,46.75,,,,,,,,1280.73,4753.4,1866.6,15.2,1,1882.8,7042.16,232.77,7274.93,15191.86,,,,,,,,222.02,62.5,,0.72,,0.72,100,41.75,141.75,426.99,,,,,,,,95.91,2519.89,93,12.35,15.4,120.75,2188.08,49.41,2237.49,4974.04,,,,,,,,379.575,5000.33,2499.7,16.4,12.59,2528.69,1447.3,216.12,1663.42,9572.015,,,,,,,,5.45,,,,,,,4.58,4.58,10.03,,,,,,,,32.53,,,13.8,,13.8,,0.12,0.12,46.45,,,,,,,,36.47,,,,,,0.1,1.42,1.52,37.99,,,,,,,,30.67,,,,,,,1,1,31.67,,,,,,,,64.625,,50.4,8.82,,59.22,383.56,14.28,397.84,521.685,,,,,,,,173.55,,194,123.1,10.75,327.85,828.58,118.52,947.1,1448.5,,,,,,,,23.85,4299.72,119.3,2,,121.3,4637.48,206.73,4844.21,9289.08,,,,,,,,52.11,,,,,,,0.07,0.07,52.18,,,,,,,,123.05,9285.27,969,28.55,6.4,1003.95,3632.52,155.84,3788.36,14200.63,,,,,,,,90.87,128.1,158.1,1,18.5,177.6,3530.29,90.46,3620.75,4017.32,,,,,,,,16.01,,,,,,5,4.41,9.41,25.42,,,,,,,,25.1,,1957.5,158.01,,2115.51,899,146.1,1045.1,3185.71,,,,,,,,214.32,,73,57.5,,130.5,239.78,75.71,315.49,660.31,,,,,,,,98.5,,300,19.92,,319.92,66.25,43.16,109.41,527.83,,,,,,,,5.25,,,,,,7.6,4.59,12.19,17.44,,,,,,,,,,,,,,6.34,30.65,36.99,36.99,,,,,,,,,,,,,,2.49,2.97,5.46,5.46,,,,,,,,,,,,,,10.15,6.41,16.56,16.56,,,,,,,,,,,,52,52,8.96,147.16,156.12,208.12,,,,,,,,,,,,,,0.75,,0.75,0.75,,,,,,,,,,,,,,0.03,5.48,5.51,5.51,,,,,,,,,4.3,,,,,,,,4.3,,,,,,,,,,,,,,,,,,,,,,,,
202001,162.11,4092.45,378.2,98.98,23.16,500.34,3470.99,88.03,3559.02,8313.92,,,,,,,,131.105,,,,,,1.27,4.34,5.61,136.715,,,,,,,,34.11,,,,,,10.67,30.56,41.23,75.34,,,,,,,,70.7,,113,8.2,,121.2,138.93,12.64,151.57,343.47,,,,,,,,76,,228,2.5,,230.5,215.83,15.52,231.35,537.85,,,,,,,,0.05,,,,,,0.95,3.83,4.78,4.83,,,,,,,,62.352,7460.02,65.3,12,,77.3,2362.21,430.24,2792.45,10392.122,,,,,,,,73.5,,121.4,84.26,,205.66,130.8,121.34,252.14,531.3,,,,,,,,911.51,,,7.2,,7.2,17,15.93,32.93,951.64,,,,,,,,180.48,,,,,,8.49,10.81,19.3,199.78,,,,,,,,4.05,,,4.3,,4.3,19.05,19.35,38.4,46.75,,,,,,,,1280.73,4754.9,1866.6,15.2,1,1882.8,7042.16,232.77,7274.93,15193.36,,,,,,,,222.02,62.5,,0.72,,0.72,100,42.23,142.23,427.47,,,,,,,,95.91,2519.89,93,12.35,15.4,120.75,2207.28,49.98,2257.26,4993.81,,,,,,,,379.575,5000.33,2499.7,16.4,12.59,2528.69,1447.3,219.56,1666.86,9575.455,,,,,,,,5.45,,,,,,,5.16,5.16,10.61,,,,,,,,32.53,,,13.8,,13.8,,0.12,0.12,46.45,,,,,,,,36.47,,,,,,0.1,1.42,1.52,37.99,,,,,,,,30.67,,,,,,,1,1,31.67,,,,,,,,64.625,,50.4,8.82,,59.22,383.56,14.28,397.84,521.685,,,,,,,,173.55,,194,123.1,10.75,327.85,828.58,118.52,947.1,1448.5,,,,,,,,23.85,4299.72,119.3,2,,121.3,4811.08,224,5035.08,9479.95,,,,,,,,52.11,,,,,,,0.07,0.07,52.18,,,,,,,,123.05,9285.49,969,28.55,6.4,1003.95,3632.52,155.99,3788.51,14201,,,,,,,,90.87,128.1,158.1,1,18.5,177.6,3530.29,90.46,3620.75,4017.32,,,,,,,,16.01,,,,,,5,4.41,9.41,25.42,,,,,,,,25.1,,1957.5,158.01,,2115.51,949,146.1,1095.1,3235.71,,,,,,,,214.32,,73,57.5,,130.5,239.78,76.12,315.9,660.72,,,,,,,,98.5,,300,19.92,,319.92,70,44.46,114.46,532.88,,,,,,,,5.25,,,,,,7.6,4.59,12.19,17.44,,,,,,,,,,,,,,6.34,30.65,36.99,36.99,,,,,,,,,,,,,,2.49,2.97,5.46,5.46,,,,,,,,,,,,,,10.15,6.41,16.56,16.56,,,,,,,,,,,,52,52,8.96,147.16,156.12,208.12,,,,,,,,,,,,,,0.75,,0.75,0.75,,,,,,,,,,,,,,0.03,5.48,5.51,5.51,,,,,,,,,4.3,,,,,,,,4.3,,,,,,,,,,,,,,,,,,,,,,,,
202002,162.11,4092.45,378.2,98.98,23.16,500.34,3470.99,88.03,3559.02,8313.92,,,,,,,,131.105,,,,,,1.27,4.34,5.61,136.715,,,,,,,,34.11,,,,,,10.67,30.56,41.23,75.34,,,,,,,,70.7,,113,8.2,,121.2,138.93,12.64,151.57,343.47,,,,,,,,76,,228,2.5,,230.5,215.83,15.52,231.35,537.85,,,,,,,,0.05,,,,,,0.95,3.83,4.78,4.83,,,,,,,,68.95,7479.02,65.3,12,,77.3,2417.26,468.9,2886.16,10511.43,,,,,,,,73.5,,121.4,84.26,,205.66,130.8,121.34,252.14,531.3,,,,,,,,911.51,,,7.2,,7.2,17,15.93,32.93,951.64,,,,,,,,180.48,,,,,,8.49,10.81,19.3,199.78,,,,,,,,4.05,,,4.3,,4.3,19.05,19.35,38.4,46.75,,,,,,,,1280.73,4790.6,1866.6,15.2,1,1882.8,7045.16,232.77,7277.93,15232.06,,,,,,,,222.02,62.5,,0.72,,0.72,100,42.23,142.23,427.47,,,,,,,,95.91,2519.89,93,12.35,15.4,120.75,2208.48,49.98,2258.46,4995.01,,,,,,,,379.575,5000.33,2499.7,16.4,12.59,2528.69,1582.24,219.56,1801.8,9710.395,,,,,,,,5.45,,,,,,,5.16,5.16,10.61,,,,,,,,32.53,,,13.8,,13.8,,0.12,0.12,46.45,,,,,,,,36.47,,,,,,0.1,1.42,1.52,37.99,,,,,,,,30.67,,,,,,,1,1,31.67,,,,,,,,64.625,,50.4,8.82,,59.22,383.56,14.28,397.84,521.685,,,,,,,,173.55,,194,123.1,10.75,327.85,828.58,118.52,947.1,1448.5,,,,,,,,23.85,4299.72,119.3,2,,121.3,4811.08,224,5035.08,9479.95,,,,,,,,52.11,,,,,,,0.07,0.07,52.18,,,,,,,,123.05,9292.34,969,28.55,6.4,1003.95,3759.89,155.99,3915.88,14335.22,,,,,,,,90.87,128.1,158.1,1,18.5,177.6,3530.29,90.46,3620.75,4017.32,,,,,,,,16.01,,,,,,5,4.41,9.41,25.42,,,,,,,,25.1,,1957.5,158.01,,2115.51,949,146.1,1095.1,3235.71,,,,,,,,214.32,,73,57.5,,130.5,239.78,76.12,315.9,660.72,,,,,,,,98.5,,300,19.92,,319.92,70,44.46,114.46,532.88,,,,,,,,5.25,,,,,,7.6,4.59,12.19,17.44,,,,,,,,,,,,,,6.34,30.65,36.99,36.99,,,,,,,,,,,,,,2.49,2.97,5.46,5.46,,,,,,,,,,,,,,10.15,7.16,17.31,17.31,,,,,,,,,,,,52,52,8.96,156.2,165.16,217.16,,,,,,,,,,,,,,0.75,,0.75,0.75,,,,,,,,,,,,,,0.03,5.48,5.51,5.51,,,,,,,,,4.3,,,,,,,,4.3,,,,,,,,,,,,,,,,,,,,,,,,
202003,162.11,4092.45,378.2,98.98,23.16,500.34,3521.99,88.03,3610.02,8364.92,,,,,,,,131.105,,,,,,1.27,4.34,5.61,136.715,,,,,,,,34.11,,,,,,10.67,30.56,41.23,75.34,,,,,,,,70.7,,113,8.2,,121.2,138.93,12.64,151.57,343.47,,,,,,,,76,,242,2.5,,244.5,215.83,15.52,231.35,551.85,,,,,,,,0.05,,,,0.34,0.34,0.95,3.83,4.78,5.17,,,,,,,,68.95,7491.52,65.3,12,,77.3,2426.44,521.93,2948.37,10586.14,,,,,,,,73.5,,121.4,84.26,,205.66,130.8,121.34,252.14,531.3,,,,,,,,911.51,,,7.2,,7.2,17,15.93,32.93,951.64,,,,,,,,180.48,,,,,,8.49,10.81,19.3,199.78,,,,,,,,4.05,,,4.3,,4.3,19.05,19.35,38.4,46.75,,,,,,,,1280.73,4790.6,1866.6,15.2,1,1882.8,7045.16,232.77,7277.93,15232.06,,,,,,,,222.02,62.5,,0.72,,0.72,100,42.23,142.23,427.47,,,,,,,,95.91,2519.89,93,12.35,15.4,120.75,2208.48,49.98,2258.46,4995.01,,,,,,,,379.575,5000.33,2499.7,16.4,12.59,2528.69,1582.24,219.56,1801.8,9710.395,,,,,,,,5.45,,,,,,,5.16,5.16,10.61,,,,,,,,32.53,,,13.8,,13.8,,0.12,0.12,46.45,,,,,,,,36.47,,,,,,0.1,1.42,1.52,37.99,,,,,,,,30.67,,,,,,,1,1,31.67,,,,,,,,64.625,,50.4,8.82,,59.22,383.56,14.28,397.84,521.685,,,,,,,,173.55,,194,123.1,10.75,327.85,828.58,118.52,947.1,1448.5,,,,,,,,23.85,4299.72,119.3,2,,121.3,4882.69,255.22,5137.91,9582.78,,,,,,,,52.11,,,,,,,0.07,0.07,52.18,,,,,,,,123.05,9304.34,969,28.55,6.4,1003.95,3759.89,155.99,3915.88,14347.22,,,,,,,,90.87,128.1,158.1,1,26,185.1,3530.29,90.46,3620.75,4024.82,,,,,,,,16.01,,,,,,5,4.41,9.41,25.42,,,,,,,,25.1,,1957.5,158.01,,2115.51,949,146.1,1095.1,3235.71,,,,,,,,214.32,,73,57.5,,130.5,239.78,76.12,315.9,660.72,,,,,,,,98.5,,300,19.92,,319.92,70,44.46,114.46,532.88,,,,,,,,5.25,,,,,,7.6,4.59,12.19,17.44,,,,,,,,,,,,,,6.34,34.21,40.55,40.55,,,,,,,,,,,,,,2.49,2.97,5.46,5.46,,,,,,,,,,,,,,10.15,9.71,19.86,19.86,,,,,,,,,,,,52,52,8.96,156.2,165.16,217.16,,,,,,,,,,,,,,0.75,,0.75,0.75,,,,,,,,,,,,,,0.03,5.48,5.51,5.51,,,,,,,,,4.3,,,,,,,,4.3,,,,,,,,,,,,,,,,,,,,,,,,
202005,162.11,4092.45,378.2,98.98,23.16,500.34,3530.74,88.03,3618.77,8373.67,,,,,,,,131.105,,,,,,1.27,4.34,5.61,136.715,,,,,,,,34.11,,,,,,10.67,30.56,41.23,75.34,,,,,,,,70.7,,113,8.2,,121.2,138.93,12.64,151.57,343.47,,,,,,,,76,,242,2.5,,244.5,215.83,15.52,231.35,551.85,,,,,,,,0.05,,,,0.34,0.34,0.95,3.83,4.78,5.17,,,,,,,,68.95,7549.92,65.3,12,,77.3,2435.8,558.17,2993.97,10690.14,,,,,,,,73.5,,121.4,84.26,1.2,206.86,130.8,121.34,252.14,532.5,,,,,,,,911.51,,,7.2,,7.2,17,16.9,33.9,952.61,,,,,,,,180.48,,,,,,8.49,10.81,19.3,199.78,,,,,,,,4.05,,,4.3,,4.3,19.05,19.86,38.91,47.26,,,,,,,,1280.73,4794.8,1866.6,20.2,1,1887.8,7045.16,232.77,7277.93,15241.26,,,,,,,,222.02,62.5,,0.72,,0.72,100,44.68,144.68,429.92,,,,,,,,95.91,2519.89,93,12.35,15.4,120.75,2254.61,50.23,2304.84,5041.39,,,,,,,,379.575,5000.33,2499.7,16.4,12.59,2528.69,1612.24,245.4,1857.64,9766.235,,,,,,,,5.45,,,,,,,5.6,5.6,11.05,,,,,,,,32.53,,,13.8,,13.8,,0.12,0.12,46.45,,,,,,,,36.47,,,,,,0.1,1.42,1.52,37.99,,,,,,,,30.67,,,,,,,1,1,31.67,,,,,,,,64.625,,50.4,8.82,,59.22,383.56,14.38,397.94,521.785,,,,,,,,173.55,,194,123.1,10.75,327.85,828.58,118.52,947.1,1448.5,,,,,,,,23.85,4299.72,119.3,2,,121.3,4932.69,266.82,5199.51,9644.38,,,,,,,,52.11,,,,,,,0.07,0.07,52.18,,,,,,,,123.05,9304.34,969,28.55,6.4,1003.95,3759.89,156,3915.89,14347.23,,,,,,,,90.87,128.1,158.1,1,26,185.1,3562.29,118.22,3680.51,4084.58,,,,,,,,16.01,,,,,,5,4.41,9.41,25.42,,,,,,,,25.1,,1957.5,158.01,,2115.51,949,146.1,1095.1,3235.71,,,,,,,,214.32,,73,57.5,,130.5,239.78,77.12,316.9,661.72,,,,,,,,98.5,,300,19.92,,319.92,70,46.55,116.55,534.97,,,,,,,,5.25,,,,,,7.6,4.59,12.19,17.44,,,,,,,,,,,,,,6.34,34.56,40.9,40.9,,,,,,,,,,,,,,2.49,2.97,5.46,5.46,,,,,,,,,,,,,,10.15,9.71,19.86,19.86,,,,,,,,,,,,52,52,8.96,156.2,165.16,217.16,,,,,,,,,,,,,,0.75,,0.75,0.75,,,,,,,,,,,,,,0.03,7.17,7.2,7.2,,,,,,,,,4.3,,,,,,,,4.3,,,,,,,,,,,,,,,,,,,,,,,,
202006,162.11,4092.45,378.2,98.98,23.16,500.34,3530.74,88.03,3618.77,8373.67,,,,,,,,131.105,,,,,,1.27,4.34,5.61,136.715,,,,,,,,34.11,,,,,,10.67,30.56,41.23,75.34,,,,,,,,70.7,,113,8.2,,121.2,138.93,14.42,153.35,345.25,,,,,,,,76,,242,2.5,,244.5,215.83,15.52,231.35,551.85,,,,,,,,0.05,,,,0.34,0.34,0.95,3.83,4.78,5.17,,,,,,,,68.95,7623.12,65.3,12,,77.3,2442.27,611.42,3053.69,10823.06,,,,,,,,73.5,,121.4,84.26,1.2,206.86,130.8,121.82,252.62,532.98,,,,,,,,911.51,,,7.2,,7.2,22.75,17.39,40.14,958.85,,,,,,,,185.48,,,,,,8.49,10.95,19.44,204.92,,,,,,,,4.05,,,4.3,,4.3,19.05,19.99,39.04,47.39,,,,,,,,1280.73,4794.8,1866.6,20.2,1,1887.8,7045.16,232.77,7277.93,15241.26,,,,,,,,222.02,62.5,,0.72,,0.72,100,46.62,146.62,431.86,,,,,,,,95.91,2519.89,93,12.35,15.4,120.75,2258.81,52.99,2311.8,5048.35,,,,,,,,379.575,5000.33,2499.7,16.4,12.59,2528.69,1612.24,257.73,1869.97,9778.565,,,,,,,,5.45,,,,,,,6.35,6.35,11.8,,,,,,,,32.53,,,13.8,,13.8,,0.12,0.12,46.45,,,,,,,,36.47,,,,,,0.1,1.42,1.52,37.99,,,,,,,,30.67,,,,,,,1,1,31.67,,,,,,,,64.625,,50.4,8.82,,59.22,383.56,15.38,398.94,522.785,,,,,,,,173.55,,194,123.1,10.75,327.85,828.58,118.52,947.1,1448.5,,,,,,,,23.85,4299.72,119.3,2,,121.3,4932.69,290.17,5222.86,9667.73,,,,,,,,52.11,,,,,,,0.07,0.07,52.18,,,,,,,,123.05,9304.34,969,28.55,6.4,1003.95,3759.89,158.21,3918.1,14349.44,,,,,,,,90.87,128.1,158.1,1,26,185.1,3562.29,127.07,3689.36,4093.43,,,,,,,,16.01,,,,,,5,4.41,9.41,25.42,,,,,,,,25.1,,1957.5,158.01,,2115.51,949,225.1,1174.1,3314.71,,,,,,,,214.32,,73,57.5,,130.5,239.78,78.05,317.83,662.65,,,,,,,,98.5,,300,19.92,,319.92,70,47.06,117.06,535.48,,,,,,,,5.25,,,,,,7.6,4.59,12.19,17.44,,,,,,,,,,,,,,6.34,35.21,41.55,41.55,,,,,,,,,,,,,,2.49,2.97,5.46,5.46,,,,,,,,,,,,,,10.15,9.71,19.86,19.86,,,,,,,,,,,,52,52,8.96,156.2,165.16,217.16,,,,,,,,,,,,,,0.75,,0.75,0.75,,,,,,,,,,,,,,0.03,7.17,7.2,7.2,,,,,,,,,4.3,,,,,,,,4.3,,,,,,,,,,,,,,,,,,,,,,,,
202008,162.11,4092.45,378.1,105.57,23.16,506.83,3530.74,88.03,3618.77,8380.16,,,,,,,,131.105,,,,,,1.27,4.34,5.61,136.715,,,,,,,,34.11,,,2,,2,10.67,30.56,41.23,77.34,,,,,,,,70.7,,112.5,12.2,,124.7,138.93,14.42,153.35,348.75,,,,,,,,76,,242.4,2.5,,244.9,215.83,15.52,231.35,552.25,,,,,,,,0.05,,,,0.34,0.34,0.95,3.83,4.78,5.17,,,,,,,,68.95,7772.12,65.3,12,,77.3,2460.05,735.18,3195.23,11113.6,,,,,,,,73.5,,121.4,89.26,1.2,211.86,130.8,121.82,252.62,537.98,,,,,,,,911.51,,,9.2,,9.2,22.75,17.39,40.14,960.85,,,,,,,,185.48,,,,,,8.49,10.95,19.44,204.92,,,,,,,,4.05,,,4.3,,4.3,19.05,20.01,39.06,47.41,,,,,,,,1280.73,4794.8,1867.1,20.2,1,1888.3,7065.16,232.77,7297.93,15261.76,,,,,,,,222.02,62.5,,2.27,,2.27,100,46.62,146.62,433.41,,,,,,,,99.71,2519.89,92.5,14.85,15.4,122.75,2273.81,52.99,2326.8,5069.15,,,,,,,,379.58,5000.33,2568,16.4,12.59,2596.99,1612.24,257.73,1869.97,9846.87,,,,,,,,5.45,,,,,,,6.35,6.35,11.8,,,,,,,,32.53,,,13.8,,13.8,,0.12,0.12,46.45,,,,,,,,36.47,,,,,,0.1,1.42,1.52,37.99,,,,,,,,30.67,,,,,,,1,1,31.67,,,,,,,,88.63,,50.4,8.82,,59.22,383.56,15.38,398.94,546.79,,,,,,,,173.55,,299.5,173.95,10.75,484.2,828.58,118.52,947.1,1604.85,,,,,,,,23.85,4299.72,119.25,2,,121.25,4970.96,339.82,5310.78,9755.6,,,,,,,,52.11,,,,,,,0.07,0.07,52.18,,,,,,,,123.05,9325.34,969.1,43.55,6.4,1019.05,3947.25,232.16,4179.41,14646.85,,,,,,,,90.87,128.1,158.1,2,45.8,205.9,3592.29,132.89,3725.18,4150.05,,,,,,,,16.01,,,,,,5,4.41,9.41,25.42,,,,,,,,49.1,,1957.5,159.76,,2117.26,959,225.1,1184.1,3350.46,,,,,,,,214.32,,72.72,57.5,,130.22,239.78,78.05,317.83,662.37,,,,,,,,98.5,,300,19.92,,319.92,80,47.06,127.06,545.48,,,,,,,,5.25,,,,,,24.63,4.59,29.22,34.47,,,,,,,,,,,,,,6.34,36.6,42.94,42.94,,,,,,,,,,,,,,2.49,2.97,5.46,5.46,,,,,,,,,,,,,,10.15,16.63,26.78,26.78,,,,,,,,,,,,52,52,8.96,165.97,174.93,226.93,,,,,,,,,,,,,,0.75,,0.75,0.75,,,,,,,,,,,,,,0.03,7.47,7.5,7.5,,,,,,,,,4.3,,,,,,,,4.3,,,,,,,,,,,,,,,,,,,,,,,,
202009,162.11,4092.45,378.1,105.57,23.16,506.83,3535.74,93.89,3629.63,8391.02,,,,,,,,131.105,,,,,,1.27,4.34,5.61,136.715,,,,,,,,34.11,,,2,,2,10.67,31.68,42.35,78.46,,,,,,,,70.7,,112.5,12.2,,124.7,138.93,14.42,153.35,348.75,,,,,,,,76,,242.4,2.5,,244.9,215.83,22.73,238.56,559.46,,,,,,,,0.05,,,,0.34,0.34,0.95,3.83,4.78,5.17,,,,,,,,68.95,7844.72,65.3,12,,77.3,2476.26,796.68,3272.94,11263.91,,,,,,,,73.5,,121.4,89.26,1.2,211.86,130.8,122.35,253.15,538.51,,,,,,,,911.51,,,9.2,,9.2,22.75,18.36,41.11,961.82,,,,,,,,185.48,,,,,,8.49,10.95,19.44,204.92,,,,,,,,4.05,,,4.3,,4.3,19.05,20.01,39.06,47.41,,,,,,,,1280.73,4794.8,1867.1,20.2,1,1888.3,7065.16,232.77,7297.93,15261.76,,,,,,,,222.02,62.5,,2.27,,2.27,100,46.84,146.84,433.63,,,,,,,,99.71,2519.89,92.5,14.85,15.4,122.75,2273.81,57.61,2331.42,5073.77,,,,,,,,379.58,5000.33,2568,16.4,12.59,2596.99,1612.24,262.5,1874.74,9851.64,,,,,,,,5.45,,,,,,,6.36,6.36,11.81,,,,,,,,32.53,,,13.8,,13.8,,0.12,0.12,46.45,,,,,,,,36.47,,,,,,0.1,1.43,1.53,38,,,,,,,,30.67,,,,,,,1,1,31.67,,,,,,,,88.63,,50.4,8.82,,59.22,383.56,15.49,399.05,546.9,,,,,,,,173.55,,299.5,173.95,10.75,484.2,828.58,118.52,947.1,1604.85,,,,,,,,23.85,4299.72,119.25,2,,121.25,4996.96,356.28,5353.24,9798.06,,,,,,,,52.11,,,,,,,0.07,0.07,52.18,,,,,,,,123.05,9377.34,969.1,43.55,6.4,1019.05,3973.87,247.49,4221.36,14740.8,,,,,,,,90.87,128.1,158.1,2,45.8,205.9,3692.29,132.89,3825.18,4250.05,,,,,,,,16.01,,,,,,5,4.41,9.41,25.42,,,,,,,,49.1,,1957.5,159.76,,2117.26,959,225.1,1184.1,3350.46,,,,,,,,214.32,,72.72,57.5,,130.22,239.78,78.18,317.96,662.5,,,,,,,,98.5,,300,19.92,,319.92,90,48.55,138.55,556.97,,,,,,,,5.25,,,,,,24.63,4.59,29.22,34.47,,,,,,,,,,,,,,6.34,36.6,42.94,42.94,,,,,,,,,,,,,,2.49,2.97,5.46,5.46,,,,,,,,,,,,,,10.15,22.32,32.47,32.47,,,,,,,,,,,,52,52,8.96,167.5,176.46,228.46,,,,,,,,,,,,,,0.75,,0.75,0.75,,,,,,,,,,,,,,0.03,7.47,7.5,7.5,,,,,,,,,4.3,,,,,,,,4.3,,,,,,,,,,,,,,,,,,,,,,,,
202010,162.11,4092.45,378.1,105.57,23.16,506.83,3540.74,93.89,3634.63,8396.02,,,,,,,,131.105,,,,,,1.27,4.34,5.61,136.715,,,,,,,,34.11,,,2,,2,10.67,31.68,42.35,78.46,,,,,,,,70.7,,112.5,12.2,,124.7,138.93,14.42,153.35,348.75,,,,,,,,76,,242.4,2.5,,244.9,215.83,24.07,239.9,560.8,,,,,,,,0.05,,,,0.34,0.34,0.95,3.83,4.78,5.17,,,,,,,,68.95,7925.52,65.3,12,,77.3,2556.08,843.93,3400.01,11471.78,,,,,,,,73.5,,121.4,89.26,1.2,211.86,130.8,122.35,253.15,538.51,,,,,,,,911.51,,,9.2,,9.2,24,18.36,42.36,963.07,,,,,,,,185.98,,,,,,8.49,10.95,19.44,205.42,,,,,,,,4.05,,,4.3,,4.3,19.05,20.01,39.06,47.41,,,,,,,,1280.73,4794.8,1867.1,20.2,1,1888.3,7065.16,232.77,7297.93,15261.76,,,,,,,,222.02,62.5,,2.27,,2.27,100,46.84,146.84,433.63,,,,,,,,99.71,2519.89,92.5,14.85,15.4,122.75,2365.06,57.61,2422.67,5165.02,,,,,,,,379.58,5000.33,2568,16.4,12.59,2596.99,1632.24,262.5,1894.74,9871.64,,,,,,,,5.45,,,,,,,6.36,6.36,11.81,,,,,,,,32.53,,,13.8,,13.8,,0.12,0.12,46.45,,,,,,,,36.47,,,,,,0.1,1.43,1.53,38,,,,,,,,30.67,,,,,,,1,1,31.67,,,,,,,,88.63,,50.4,8.82,,59.22,383.56,15.49,399.05,546.9,,,,,,,,173.55,,299.5,173.95,10.75,484.2,828.58,118.52,947.1,1604.85,,,,,,,,23.85,4326.82,119.25,2,,121.25,5000.22,362,5362.22,9834.14,,,,,,,,52.11,,,,,,,0.07,0.07,52.18,,,,,,,,123.05,9408.34,969.1,43.55,6.4,1019.05,3973.87,247.49,4221.36,14771.8,,,,,,,,90.87,128.1,158.1,2,45.8,205.9,3692.29,132.89,3825.18,4250.05,,,,,,,,16.01,,,,,,5,4.41,9.41,25.42,,,,,,,,49.1,,1957.5,159.76,,2117.26,959,225.1,1184.1,3350.46,,,,,,,,214.32,,72.72,57.5,,130.22,239.78,78.18,317.96,662.5,,,,,,,,98.5,,300,19.92,,319.92,100,48.55,148.55,566.97,,,,,,,,5.25,,,,,,24.63,4.59,29.22,34.47,,,,,,,,,,,,,,6.34,36.6,42.94,42.94,,,,,,,,,,,,,,2.49,2.97,5.46,5.46,,,,,,,,,,,,,,10.15,24.22,34.37,34.37,,,,,,,,,,,,52,52,8.96,167.5,176.46,228.46,,,,,,,,,,,,,,0.75,,0.75,0.75,,,,,,,,,,,,,,0.03,7.51,7.54,7.54,,,,,,,,,4.3,,,,,,,,4.3,,,,,,,,,,,,,,,,,,,,,,,,
202011,162.11,4092.45,378.1,105.57,23.16,506.83,3649.74,94.39,3744.13,8505.52,,,,,,,,131.105,,,,,,1.27,4.34,5.61,136.715,,,,,,,,34.11,,,2,,2,10.67,32.06,42.73,78.84,,,,,,,,70.7,,112.5,12.2,,124.7,138.93,14.42,153.35,348.75,,,,,,,,76,,242.4,2.5,,244.9,215.83,24.07,239.9,560.8,,,,,,,,0.05,,,,0.34,0.34,0.95,3.83,4.78,5.17,,,,,,,,68.95,8042.02,65.3,12,,77.3,2772.16,866.05,3638.21,11826.48,,,,,,,,73.5,,121.4,89.26,1.2,211.86,130.8,130.28,261.08,546.44,,,,,,,,911.51,,,9.2,,9.2,24,18.63,42.63,963.34,,,,,,,,185.98,,,,,,8.49,11.31,19.8,205.78,,,,,,,,4.05,,,4.3,,4.3,19.05,20.01,39.06,47.41,,,,,,,,1280.73,4830.8,1867.1,20.2,1,1888.3,7066.16,249.71,7315.87,15315.7,,,,,,,,222.02,62.5,,2.27,,2.27,100,46.87,146.87,433.66,,,,,,,,99.71,2519.89,92.5,14.85,15.4,122.75,2380.07,58.36,2438.43,5180.78,,,,,,,,379.58,5000.33,2568,16.4,12.59,2596.99,1632.24,262.5,1894.74,9871.64,,,,,,,,5.45,,,,,,,6.36,6.36,11.81,,,,,,,,32.53,,,13.8,,13.8,,0.12,0.12,46.45,,,,,,,,36.47,,,,,,0.1,1.43,1.53,38,,,,,,,,30.67,,,,,,,1,1,31.67,,,,,,,,88.63,,50.4,8.82,,59.22,383.56,15.91,399.47,547.32,,,,,,,,173.55,,299.5,173.95,10.75,484.2,828.58,118.52,947.1,1604.85,,,,,,,,23.85,4326.82,119.25,2,,121.25,5001.68,382,5383.68,9855.6,,,,,,,,52.11,,,,,,,0.07,0.07,52.18,,,,,,,,123.05,9426.34,969.1,43.55,6.4,1019.05,3980.15,278.48,4258.63,14827.07,,,,,,,,90.87,128.1,158.1,2,45.8,205.9,3784.27,148.63,3932.9,4357.77,,,,,,,,16.01,,,,,,5,4.41,9.41,25.42,,,,,,,,49.1,,1957.5,159.76,,2117.26,981.5,235.1,1216.6,3382.96,,,,,,,,214.32,,72.72,57.5,,130.22,239.78,80.14,319.92,664.46,,,,,,,,98.5,,300,19.92,,319.92,100,49.81,149.81,568.23,,,,,,,,5.25,,,,,,24.63,4.59,29.22,34.47,,,,,,,,,,,,,,6.34,36.6,42.94,42.94,,,,,,,,,,,,,,2.49,2.97,5.46,5.46,,,,,,,,,,,,,,10.15,24.22,34.37,34.37,,,,,,,,,,,,52,52,8.96,167.5,176.46,228.46,,,,,,,,,,,,,,0.75,,0.75,0.75,,,,,,,,,,,,,,0.03,7.51,7.54,7.54,,,,,,,,,4.3,,,,,,,,4.3,,,,,,,,,,,,,,,,,,,,,,,,
202012,162.11,4092.45,378.1,105.57,23.16,506.83,3749.74,94.43,3844.17,8605.56,,,,,,,,131.105,,,,,,1.27,4.34,5.61,136.715,,,,,,,,34.11,,,2,,2,10.67,32.32,42.99,79.1,,,,,,,,70.7,,112.5,12.2,,124.7,138.93,18.48,157.41,352.81,,,,,,,,76,,242.4,2.5,,244.9,215.83,24.17,240,560.9,,,,,,,,0.05,,,,0.34,0.34,0.95,3.83,4.78,5.17,,,,,,,,78.94,8192.52,65.3,12,,77.3,3005.95,912.53,3918.48,12267.24,,,,,,,,73.5,,121.4,89.26,1.2,211.86,130.8,131.62,262.42,547.78,,,,,,,,911.51,,,9.2,,9.2,24,18.73,42.73,963.44,,,,,,,,185.98,,,,,,8.49,12.24,20.73,206.71,,,,,,,,4.05,,,4.3,,4.3,19.05,20.01,39.06,47.41,,,,,,,,1280.73,4868.8,1867.1,20.2,1,1888.3,7079.16,249.71,7328.87,15366.7,,,,,,,,222.02,62.5,,2.27,,2.27,100,46.92,146.92,433.71,,,,,,,,99.71,2519.89,92.5,14.85,15.4,122.75,2381.31,58.84,2440.15,5182.5,,,,,,,,379.58,5000.33,2568,16.4,12.59,2596.99,1632.24,263.58,1895.82,9872.72,,,,,,,,5.45,,,,,,,6.36,6.36,11.81,,,,,,,,32.53,,,13.8,,13.8,,0.12,0.12,46.45,,,,,,,,36.47,,,,,,0.1,1.43,1.53,38,,,,,,,,30.67,,,,,,,1,1,31.67,,,,,,,,88.63,,50.4,8.82,,59.22,383.56,16.04,399.6,547.45,,,,,,,,173.55,,299.5,173.95,10.75,484.2,828.58,118.52,947.1,1604.85,,,,,,,,23.85,4326.82,119.25,2,,121.25,5002.08,387.4,5389.48,9861.4,,,,,,,,52.11,,,,,,,0.07,0.07,52.18,,,,,,,,123.05,9428.44,969.1,43.55,6.4,1019.05,4006.15,309.63,4315.78,14886.32,,,,,,,,90.87,128.1,158.1,2,45.8,205.9,3784.27,152.09,3936.36,4361.23,,,,,,,,16.01,,,,,,5,4.41,9.41,25.42,,,,,,,,49.1,,1957.5,159.76,,2117.26,1057.75,235.1,1292.85,3459.21,,,,,,,,214.32,,72.72,57.5,,130.22,239.78,80.66,320.44,664.98,,,,,,,,98.5,,300,19.92,,319.92,100,49.84,149.84,568.26,,,,,,,,5.25,,,,,,24.63,4.59,29.22,34.47,,,,,,,,,,,,,,6.34,38.82,45.16,45.16,,,,,,,,,,,,,,2.49,2.97,5.46,5.46,,,,,,,,,,,,,,10.15,29.82,39.97,39.97,,,,,,,,,,,,52,52,8.96,167.5,176.46,228.46,,,,,,,,,,,,,,0.75,,0.75,0.75,,,,,,,,,,,,,,0.03,7.51,7.54,7.54,,,,,,,,,4.3,,,,,,,,4.3,,,,,,,,,,,,,,,,,,,,,,,,
202101,162.11,4096.65,378.1,105.57,23.16,506.83,3858.24,138.26,3996.5,8762.09,,,,,,,,131.105,,,,,,1.27,4.34,5.61,136.715,,,,,,,,34.11,,,2,,2,10.67,32.32,42.99,79.1,,,,,,,,70.7,,112.5,12.2,,124.7,138.93,18.48,157.41,352.81,,,,,,,,76,,242.4,2.5,,244.9,215.83,27.28,243.11,564.01,,,,,,,,0.05,,,,0.34,0.34,0.95,6.49,7.44,7.83,,,,,,,,78.94,8244.52,65.3,12,,77.3,3124.68,917.41,4042.09,12442.85,,,,,,,,73.5,,121.4,89.26,1.2,211.86,130.8,277.03,407.83,693.19,,,,,,,,911.51,,,9.2,,9.2,24,18.73,42.73,963.44,,,,,,,,185.98,,,,,,8.49,12.24,20.73,206.71,,,,,,,,4.05,,,4.3,,4.3,19.05,29.58,48.63,56.98,,,,,,,,1280.73,4872.1,1867.1,20.2,1,1888.3,7091.75,255.1,7346.85,15387.98,,,,,,,,230.02,62.5,,2.27,,2.27,100,89.75,189.75,484.54,,,,,,,,99.71,2519.89,92.5,14.85,15.4,122.75,2381.31,76.91,2458.22,5200.57,,,,,,,,379.58,5000.33,2568,16.4,12.59,2596.99,1642.24,647.73,2289.97,10266.87,,,,,,,,5.45,,,,,,,6.36,6.36,11.81,,,,,,,,32.53,,,13.8,,13.8,,0.12,0.12,46.45,,,,,,,,36.47,,,,,,0.1,1.43,1.53,38,,,,,,,,30.67,,,,,,,1,1,31.67,,,,,,,,88.63,,50.4,8.82,,59.22,383.56,18.16,401.72,549.57,,,,,,,,173.55,,299.5,173.95,10.75,484.2,828.58,118.52,947.1,1604.85,,,,,,,,23.85,4326.82,119.25,2,,121.25,5002.08,395,5397.08,9869,,,,,,,,52.11,,,,,,,0.07,0.07,52.18,,,,,,,,123.05,9428.44,969.1,43.55,6.4,1019.05,4006.15,309.63,4315.78,14886.32,,,,,,,,90.87,128.1,158.1,2,45.8,205.9,3784.27,152.09,3936.36,4361.23,,,,,,,,16.01,,,,,,5,4.41,9.41,25.42,,,,,,,,49.1,,1957.5,159.76,,2117.26,1410.25,257.25,1667.5,3833.86,,,,,,,,214.32,,72.72,57.5,,130.22,239.78,113.63,353.41,697.95,,,,,,,,98.5,,300,19.92,,319.92,100,49.84,149.84,568.26,,,,,,,,5.25,,,,,,24.63,4.59,29.22,34.47,,,,,,,,,,,,,,6.34,38.82,45.16,45.16,,,,,,,,,,,,,,2.49,2.97,5.46,5.46,,,,,,,,,,,,,,10.15,30.4,40.55,40.55,,,,,,,,,,,,52,52,8.96,167.5,176.46,228.46,,,,,,,,,,,,,,0.75,,0.75,0.75,,,,,,,,,,,,,,0.03,9.3,9.33,9.33,,,,,,,,,4.3,,,,,,,,4.3,,,,,,,,,,,,,,,,,,,,,,,,
202102,162.11,4096.65,378.1,105.57,23.16,506.83,3858.24,138.26,3996.5,8762.09,,,,,,,,131.105,,,,,,1.27,4.34,5.61,136.715,,,,,,,,34.11,,,2,,2,10.67,32.32,42.99,79.1,,,,,,,,70.7,,112.5,12.2,,124.7,138.93,20.58,159.51,354.91,,,,,,,,76,,242.4,2.5,,244.9,222.64,29.84,252.48,573.38,,,,,,,,0.05,,,,0.34,0.34,0.95,6.49,7.44,7.83,,,,,,,,78.94,8306.42,65.3,12,,77.3,3125.17,943.13,4068.3,12530.96,,,,,,,,73.5,,121.4,89.26,1.2,211.86,130.8,277.03,407.83,693.19,,,,,,,,936.11,,,9.2,,9.2,24,18.73,42.73,988.04,,,,,,,,185.98,,,,,,8.49,12.24,20.73,206.71,,,,,,,,4.05,,,4.3,,4.3,19.05,29.58,48.63,56.98,,,,,,,,1280.73,4912.6,1867.1,20.2,1,1888.3,7091.75,255.1,7346.85,15428.48,,,,,,,,230.02,62.5,,2.27,,2.27,150,107,257,551.79,,,,,,,,99.71,2519.89,92.5,14.85,15.4,122.75,2386.31,76.91,2463.22,5205.57,,,,,,,,379.58,5000.33,2568,16.4,12.59,2596.99,1642.24,647.73,2289.97,10266.87,,,,,,,,5.45,,,,,,,6.36,6.36,11.81,,,,,,,,32.53,,,13.8,,13.8,,0.12,0.12,46.45,,,,,,,,36.47,,,,,,0.1,1.43,1.53,38,,,,,,,,30.67,,,,,,,1,1,31.67,,,,,,,,88.63,,50.4,8.82,,59.22,383.56,18.16,401.72,549.57,,,,,,,,173.55,,299.5,173.95,10.75,484.2,828.58,118.52,947.1,1604.85,,,,,,,,23.85,4326.82,119.25,2,,121.25,5053.58,419,5472.58,9944.5,,,,,,,,52.11,,,,,,,0.07,0.07,52.18,,,,,,,,123.05,9431.54,969.1,43.55,6.4,1019.05,4090.15,313.33,4403.48,14977.12,,,,,,,,90.87,128.1,158.1,2,45.8,205.9,3784.27,152.09,3936.36,4361.23,,,,,,,,16.01,,,,,,5,4.41,9.41,25.42,,,,,,,,49.1,,1957.5,159.76,,2117.26,1410.25,257.25,1667.5,3833.86,,,,,,,,214.32,,72.72,57.5,,130.22,239.78,113.63,353.41,697.95,,,,,,,,98.5,,300,19.92,,319.92,100,49.84,149.84,568.26,,,,,,,,5.25,,,,,,24.63,4.59,29.22,34.47,,,,,,,,,,,,,,6.34,38.82,45.16,45.16,,,,,,,,,,,,,,2.49,2.97,5.46,5.46,,,,,,,,,,,,,,10.15,30.4,40.55,40.55,,,,,,,,,,,,52,52,8.96,184.01,192.97,244.97,,,,,,,,,,,,,,0.75,,0.75,0.75,,,,,,,,,,,,,,0.03,9.3,9.33,9.33,,,,,,,,,4.3,,,,,,,,4.3,,,,,,,,,,,,,,,,,,,,,,,,
202103,162.11,4096.65,378.1,105.57,23.16,506.83,4064.74,138.26,4203,8968.59,,,,,,,,131.105,,,,,,1.27,4.34,5.61,136.715,,,,,,,,34.11,,,2,,2,10.67,32.32,42.99,79.1,,,,,,,,70.7,,112.5,12.2,,124.7,138.93,20.58,159.51,354.91,,,,,,,,76,,242.4,2.5,,244.9,222.64,29.84,252.48,573.38,,,,,,,,0.05,,,,0.34,0.34,0.95,6.49,7.44,7.83,,,,,,,,82.69,8561.82,65.3,12,,77.3,3425.17,1005.65,4430.82,13152.63,,,,,,,,73.5,,121.4,89.26,1.2,211.86,130.8,277.03,407.83,693.19,,,,,,,,936.11,,,9.2,,9.2,24,18.73,42.73,988.04,,,,,,,,185.98,,,,,,8.49,12.24,20.73,206.71,,,,,,,,4.05,,,4.3,,4.3,19.05,33.01,52.06,60.41,,,,,,,,1280.73,4938.6,1867.1,20.2,1,1888.3,7091.75,263.42,7355.17,15462.8,,,,,,,,230.02,62.5,,2.27,,2.27,150,107,257,551.79,,,,,,,,99.71,2519.89,92.5,14.85,15.4,122.75,2386.31,76.91,2463.22,5205.57,,,,,,,,379.58,5000.33,2568,16.4,12.59,2596.99,1642.24,647.73,2289.97,10266.87,,,,,,,,5.45,,,,,,,6.36,6.36,11.81,,,,,,,,32.53,,,13.8,,13.8,,0.12,0.12,46.45,,,,,,,,36.47,,,,,,0.1,1.43,1.53,38,,,,,,,,30.67,,,,,,,1,1,31.67,,,,,,,,88.63,,50.4,8.82,,59.22,383.56,18.16,401.72,549.57,,,,,,,,173.55,,299.5,173.95,10.75,484.2,828.58,130.92,959.5,1617.25,,,,,,,,23.85,4326.82,119.25,2,,121.25,5313.58,419,5732.58,10204.5,,,,,,,,52.11,,,,,,,0.07,0.07,52.18,,,,,,,,123.05,9608.04,969.1,43.55,6.4,1019.05,4150.15,325.06,4475.21,15225.35,,,,,,,,90.87,128.1,158.1,2,45.8,205.9,3784.27,168.85,3953.12,4377.99,,,,,,,,16.01,,,,,,5,4.41,9.41,25.42,,,,,,,,49.1,,1957.5,159.76,,2117.26,1455.25,257.25,1712.5,3878.86,,,,,,,,214.32,,72.72,57.5,,130.22,254.78,113.63,368.41,712.95,,,,,,,,98.5,,300,19.92,,319.92,100,49.84,149.84,568.26,,,,,,,,5.25,,,,,,24.63,4.59,29.22,34.47,,,,,,,,,,,,,,6.34,38.82,45.16,45.16,,,,,,,,,,,,,,2.49,2.97,5.46,5.46,,,,,,,,,,,,,,10.15,30.4,40.55,40.55,,,,,,,,,,,,52,52,8.96,184.01,192.97,244.97,,,,,,,,,,,,,,0.75,,0.75,0.75,,,,,,,,,,,,,,0.03,9.3,9.33,9.33,,,,,,,,,4.3,,,,,,,,4.3,,,,,,,,,,,,,,,,,,,,,,,,
202105,162.11,4096.65,378.1,105.57,23.16,506.83,4069.13,138.26,4207.39,8972.98,,,,,,,,131.105,,,,,,1.27,4.34,5.61,136.715,,,,,,,,34.11,,,2,,2,25.67,33.48,59.15,95.26,,,,,,,,70.7,,112.5,12.2,,124.7,138.93,30.55,169.48,364.88,,,,,,,,76,,267.4,2.5,,269.9,222.64,29.84,252.48,598.38,,,,,,,,0.05,,,,0.34,0.34,0.95,6.49,7.44,7.83,,,,,,,,82.69,8726.02,65.3,12,,77.3,3703.76,1139.55,4843.31,13729.32,,,,,,,,73.5,,121.4,89.26,1.2,211.86,130.8,277.03,407.83,693.19,,,,,,,,936.11,,,9.2,,9.2,24,19.29,43.29,988.6,,,,,,,,185.98,,,,,,8.49,16.56,25.05,211.03,,,,,,,,4.05,,,4.3,,4.3,19.05,33.01,52.06,60.41,,,,,,,,1280.73,4938.6,1867.1,20.2,1,1888.3,7132.16,277.23,7409.39,15517.02,,,,,,,,230.02,62.5,,2.27,,2.27,150,107,257,551.79,,,,,,,,99.71,2519.89,92.5,14.85,15.4,122.75,2424.88,76.91,2501.79,5244.14,,,,,,,,379.58,5010.83,2568,16.4,12.59,2596.99,1646.24,647.73,2293.97,10281.37,,,,,,,,5.45,,,,,,,6.36,6.36,11.81,,,,,,,,32.53,,,13.8,,13.8,,0.12,0.12,46.45,,,,,,,,36.47,,,,,,0.1,1.43,1.53,38,,,,,,,,30.67,,,,,,,1,1,31.67,,,,,,,,88.63,,50.4,8.82,,59.22,383.56,18.16,401.72,549.57,,,,,,,,173.55,,299.5,173.95,10.75,484.2,828.58,130.92,959.5,1617.25,,,,,,,,23.85,4326.82,119.25,2,,121.25,5653.58,419,6072.58,10544.5,,,,,,,,52.11,,,,,,,0.07,0.07,52.18,,,,,,,,123.05,9628.54,969.1,43.55,6.4,1019.05,4150.15,325.06,4475.21,15245.85,,,,,,,,90.87,128.1,158.1,2,45.8,205.9,3784.27,175.86,3960.13,4385,,,,,,,,16.01,,,,,,5,4.41,9.41,25.42,,,,,,,,49.1,,1957.5,159.76,,2117.26,1561.5,257.25,1818.75,3985.11,,,,,,,,214.32,,72.72,57.5,,130.22,254.78,113.63,368.41,712.95,,,,,,,,98.5,,300,19.92,,319.92,100,49.84,149.84,568.26,,,,,,,,5.25,,,,,,24.63,4.59,29.22,34.47,,,,,,,,,,,,,,6.34,43.03,49.37,49.37,,,,,,,,,,,,,,2.49,2.97,5.46,5.46,,,,,,,,,,,,,,10.15,30.51,40.66,40.66,,,,,,,,,,,,52,52,8.96,184.01,192.97,244.97,,,,,,,,,,,,,,0.75,,0.75,0.75,,,,,,,,,,,,,,0.03,9.3,9.33,9.33,,,,,,,,,4.3,,,,,,,,4.3,,,,,,,,,,,,,,,,,,,,,,,,
202107,162.11,4096.65,378.1,105.57,23.16,536.04,4121.01,138.26,4347.61,9142.41,29.21,88.34,,,,,,131.105,,,,,,1.27,4.34,11.17,142.275,,5.56,,,,,,34.11,,,2,,2,25.67,33.48,68.38,104.49,,9.23,,,,,,70.7,,112.5,12.2,,125.7,138.93,30.55,190.46,386.86,1,20.98,,,,,,76,,267.4,2.5,,270.31,277.14,30.89,500.77,847.08,0.41,192.74,,,,,,0.05,,,,0.34,0.34,0.95,6.49,7.56,7.95,,0.12,,,,,,82.69,8782.12,65.3,12,,99.87,3901.16,1277.94,5219.66,14184.34,22.57,40.56,,,,,,73.5,,121.4,89.26,1.2,216.75,195.8,349.07,658.35,948.6,4.89,113.48,,,,,,936.11,,,9.2,,10.2,25.75,19.29,56.56,1002.87,1,11.52,,,,,,146.34,,,,,,2.49,17.55,42.3,188.64,,22.26,,,,,,4.05,,,4.3,,4.3,19.05,33.01,74.27,82.62,,22.21,,,,,,1280.73,4938.6,1867.1,20.2,1,1901.92,7134.66,288.35,7452.01,15573.26,13.62,29,,,,,,236.02,62.5,,2.27,,2.5,150,122.48,293.07,594.09,0.23,20.59,,,,,,99.71,2519.89,92.5,14.85,15.4,157.91,2431.88,114.28,2627.7,5405.21,35.16,81.54,,,,,,380.58,5012.83,2568,16.4,12.59,2596.99,1646.24,748.71,2428.77,10419.17,,33.82,,,,,,5.45,,,,,,,6.36,11.97,17.42,,5.61,,,,,,32.53,,,13.8,,13.8,,0.19,4.01,50.34,,3.82,,,,,,36.47,,,,,,0.1,1.43,7.79,44.26,,6.26,,,,,,30.67,,,,,,,1,3.01,33.68,,2.01,,,,,,88.63,,50.4,8.82,,66.67,383.56,18.16,426.75,582.05,7.45,25.03,,,,,,174.35,,299.5,173.95,10.75,488.03,828.58,140.05,1002.33,1664.71,3.83,33.7,,,,,,23.85,4326.82,119.25,2,,121.25,6193.7,470,6920.4,11392.32,,256.7,,,,,,52.11,,,,,20.86,,0.07,1.94,74.91,20.86,1.87,,,,,,123.05,9717.04,969.1,43.55,6.4,1023.63,4208.25,333.61,4594.33,15458.05,4.58,52.47,,,,,,90.87,128.1,158.1,2,45.8,205.9,3784.27,180.33,3973.14,4398.01,,8.54,,,,,,16.01,,,,,59.47,5,4.41,14.62,90.1,59.47,5.21,,,,,,49.1,,1957.5,159.76,,2126.48,1631.5,258.78,2019.2,4194.78,9.22,128.92,,,,,,214.32,,72.72,57.5,,131.39,277.78,143.52,433.25,778.96,1.17,11.95,,,,,,98.5,,300,19.92,,319.92,100,49.84,162.66,581.08,,12.82,,,,,,5.25,,,,,,24.63,4.59,29.49,34.74,,0.27,,,,,,,,,,,,6.34,43.24,50.39,50.39,,0.81,,,,,,,,,,,,2.49,2.97,5.46,5.46,,,,,,,,,,,,,,10.15,30.57,40.72,40.72,,,,,,,,,,,,52,52,8.96,184.01,194.43,246.43,,1.46,,,,,,,,,,,,0.75,,3.27,3.27,,2.52,,,,,,,,,,,,0.03,9.3,9.51,9.51,,0.18,,,,,,,4.3,,,,,,,45.01,49.31,,45.01,,,,,,39.64,,,,,4.91,6,1.8,7.8,52.35,4.91,,,,,,
202108,162.11,4096.65,378.1,105.57,23.16,536.04,4146.01,145.93,4380.28,9175.08,29.21,88.34,,,,,,131.105,,,,,,1.27,4.34,11.22,142.325,,5.61,,,,,,34.11,,,2,,2,25.67,33.48,68.45,104.56,,9.3,,,,,,70.7,,112.5,12.2,,125.7,138.93,30.55,190.49,386.89,1,21.01,,,,,,76,,267.09,2.5,,270,277.14,31.01,500.9,846.9,0.41,192.75,,,,,,0.05,,,,0.34,0.34,0.95,10.21,11.28,11.67,,0.12,,,,,,82.69,8851.92,65.3,12,,99.88,4311.16,1356.91,5708.63,14743.12,22.58,40.56,,,,,,73.5,,121.4,89.26,1.2,218,195.8,349.07,660.69,952.19,6.14,115.82,,,,,,949.31,,,9.2,,10.2,25.75,19.29,61.23,1020.74,1,16.19,,,,,,146.34,,,,,,2.49,17.55,42.3,188.64,,22.26,,,,,,4.05,,,4.3,,4.3,19.05,34.51,79.57,87.92,,26.01,,,,,,1280.73,4938.6,1867.1,20.2,1,1902.15,7144.66,295.35,7469.01,15590.49,13.85,29,,,,,,236.02,62.5,,2.27,,2.5,150,141.86,312.45,613.47,0.23,20.59,,,,,,99.71,2519.89,92.5,14.85,15.4,128,2431.88,120.11,2633.59,5381.19,5.25,81.6,,,,,,380.58,5012.83,2568,16.4,12.59,2632.15,1646.24,764.58,2444.64,10470.2,35.16,33.82,,,,,,5.45,,,,,,,6.36,12,17.45,,5.64,,,,,,32.53,,,13.8,,13.8,,0.19,4.01,50.34,,3.82,,,,,,36.47,,,,,,0.1,1.43,7.83,44.3,,6.3,,,,,,30.67,,,,,,,1,3.01,33.68,,2.01,,,,,,88.63,,50.4,8.82,,59.22,383.56,19.19,427.83,575.68,,25.08,,,,,,174.35,,299.5,173.95,10.75,491.65,828.58,157.87,1021.92,1687.92,7.45,35.47,,,,,,23.85,4326.82,119.25,2,,125.08,6938.2,543,7737.95,12213.7,3.83,256.75,,,,,,52.11,,,,,,,0.07,1.94,54.05,,1.87,,,,,,123.05,9749.54,969.1,43.55,6.4,1039.91,4289.15,333.61,4675.23,15587.73,20.86,52.47,,,,,,90.87,128.1,158.1,2,45.8,219.33,3784.27,199.3,3992.13,4430.43,13.43,8.56,,,,,,16.01,,,,,,5,4.41,14.78,30.79,,5.37,,,,,,49.1,,1957.5,159.76,,2179.67,1631.5,258.78,2019.99,4248.76,62.41,129.71,,,,,,214.32,,72.72,57.5,,139.44,277.78,261.73,551.53,905.29,9.22,12.02,,,,,,98.5,,300,19.92,,321.09,100,49.84,162.68,582.27,1.17,12.84,,,,,,5.25,,,,,,24.63,4.59,29.49,34.74,,0.27,,,,,,,,,,,,6.34,44.82,51.97,51.97,,0.81,,,,,,,,,,,,2.49,2.97,5.46,5.46,,,,,,,,,,,,,,10.15,30.57,40.72,40.72,,,,,,,,,,,,52,52,8.96,200.7,211.12,263.12,,1.46,,,,,,,,,,,,0.75,,3.27,3.27,,2.52,,,,,,,,,,,,0.03,9.3,9.51,9.51,,0.18,,,,,,,4.3,,,,,,,45.01,49.31,,45.01,,,,,,39.64,,,,,,6,1.8,7.8,47.44,,,,,,,
202109,162.11,4096.65,378.1,105.57,23.16,536.04,4146.01,145.93,4380.28,9175.08,29.21,88.34,,,,,,131.105,,,,,,1.27,4.34,11.23,142.335,,5.62,,,,,,34.11,,,2,,2,25.67,33.48,68.55,104.66,,9.4,,,,,,70.7,,112.5,12.2,,125.7,138.93,30.55,190.52,386.92,1,21.04,,,,,,76,,272.09,2.5,,275,277.14,31.01,500.9,851.9,0.41,192.75,,,,,,0.05,,,,0.34,0.34,0.95,10.21,11.28,11.67,,0.12,,,,,,82.69,8917.62,65.3,12,,99.88,4503.32,1443.51,5987.39,15087.58,22.58,40.56,,,,,,73.5,,121.4,89.26,1.2,218,195.8,349.07,691.64,983.14,6.14,146.77,,,,,,949.31,,,9.2,,10.2,25.75,19.29,61.26,1020.77,1,16.22,,,,,,146.34,,,,,,2.49,17.55,42.31,188.65,,22.27,,,,,,4.05,,,4.3,,4.3,19.05,34.51,84.44,92.79,,30.88,,,,,,1280.73,5001.6,1867.1,20.2,1,1902.15,7144.66,295.35,7469.01,15653.49,13.85,29,,,,,,238.02,62.5,,2.27,,2.5,150,141.86,312.45,615.47,0.23,20.59,,,,,,99.71,2519.89,92.5,14.85,15.4,128,2431.88,120.11,2633.6,5381.2,5.25,81.61,,,,,,380.58,5012.83,2568,16.4,12.59,2632.15,1646.24,764.58,2444.64,10470.2,35.16,33.82,,,,,,5.45,,,,,,,6.36,12.12,17.57,,5.76,,,,,,32.53,,,13.8,,13.8,,0.19,4.08,50.41,,3.89,,,,,,36.47,,,,,,0.1,1.43,7.88,44.35,,6.35,,,,,,30.67,,,,,,,1,3.03,33.7,,2.03,,,,,,88.63,,50.4,8.82,,59.22,383.56,19.19,427.92,575.77,,25.17,,,,,,174.35,,299.5,173.95,10.75,491.65,828.58,157.87,1023.55,1689.55,7.45,37.1,,,,,,23.85,4326.82,119.25,2,,125.08,7273.7,543,8076.7,12552.45,3.83,260,,,,,,52.11,,,,,,,0.07,1.94,54.05,,1.87,,,,,,123.05,9800.14,969.1,43.55,6.4,1039.91,4289.15,333.61,4675.23,15638.33,20.86,52.47,,,,,,90.87,128.1,158.1,2,45.8,219.33,3784.27,199.3,3992.13,4430.43,13.43,8.56,,,,,,16.01,,,,,,5,4.41,14.86,30.87,,5.45,,,,,,49.1,,1957.5,159.76,,2179.67,1636.5,258.78,2025.48,4254.25,62.41,130.2,,,,,,214.32,,72.72,57.5,,139.44,277.78,261.73,551.64,905.4,9.22,12.13,,,,,,98.5,,300,19.92,,321.09,100,49.84,162.72,582.31,1.17,12.88,,,,,,5.25,,,,,,24.63,4.59,29.49,34.74,,0.27,,,,,,,,,,,,6.34,44.82,51.97,51.97,,0.81,,,,,,,,,,,,2.49,2.97,5.46,5.46,,,,,,,,,,,,,,10.15,30.57,40.72,40.72,,,,,,,,,,,,52,52,8.96,200.7,211.12,263.12,,1.46,,,,,,,,,,,,0.75,,3.27,3.27,,2.52,,,,,,,,,,,,0.8,10.54,11.52,11.52,,0.18,,,,,,,4.3,,,,,,,45.01,49.31,,45.01,,,,,,39.64,,,,,,6,1.8,7.8,47.44,,,,,,,
202110,162.11,4096.65,378.1,105.57,23.16,536.04,4146.01,146.36,4380.71,9175.51,29.21,88.34,,,,,,131.105,,,,,,1.27,4.34,11.23,142.335,,5.62,,,,,,34.11,,,2,,2,25.67,33.48,68.55,104.66,,9.4,,,,,,70.7,,112.5,12.2,,125.7,138.93,30.55,190.52,386.92,1,21.04,,,,,,76,,272.09,2.5,,275,277.14,31.69,501.58,852.58,0.41,192.75,,,,,,0.05,,,,0.34,0.34,0.95,17.42,18.49,18.88,,0.12,,,,,,82.69,8952.92,65.3,12,,99.88,4525.23,1526.89,6092.69,15228.18,22.58,40.57,,,,,,73.5,,121.4,89.26,1.2,218,195.8,349.07,739.05,1030.55,6.14,194.18,,,,,,949.31,,,9.2,,10.2,25.75,19.29,62.67,1022.18,1,17.63,,,,,,146.34,,,,,,2.49,22,46.87,193.21,,22.38,,,,,,4.05,,,4.3,,4.3,19.05,34.51,86.62,94.97,,33.06,,,,,,1280.73,5039.4,1867.1,20.2,1,1902.15,7144.66,338.35,7512.01,15734.29,13.85,29,,,,,,238.02,62.5,,2.27,,2.5,150,156.3,326.89,629.91,0.23,20.59,,,,,,99.71,2519.89,92.5,14.85,15.4,128,2431.88,160.14,2673.64,5421.24,5.25,81.62,,,,,,380.58,5012.83,2568,16.4,12.59,2632.15,1646.24,860.57,2540.63,10566.19,35.16,33.82,,,,,,5.45,,,,,,,6.36,12.16,17.61,,5.8,,,,,,32.53,,,13.8,,13.8,,0.19,4.08,50.41,,3.89,,,,,,36.47,,,,,,0.1,1.43,7.88,44.35,,6.35,,,,,,30.67,,,,,,,1,3.04,33.71,,2.04,,,,,,100.63,,50.4,8.82,,59.22,383.56,21.66,430.49,590.34,,25.27,,,,,,174.35,,299.5,173.95,10.75,491.65,828.58,222.51,1093.67,1759.67,7.45,42.58,,,,,,23.85,4326.82,119.25,2,,125.08,8032.1,612.02,8911.26,13387.01,3.83,267.14,,,,,,52.11,,,,,,,2.76,4.63,56.74,,1.87,,,,,,123.05,9846.69,969.1,43.55,6.4,1039.91,4352.15,333.61,4738.23,15747.88,20.86,52.47,,,,,,90.87,128.1,158.1,2,45.8,219.33,3822.32,205.69,4036.59,4474.89,13.43,8.58,,,,,,16.01,,,,,,5,4.41,14.86,30.87,,5.45,,,,,,49.1,,1957.5,159.76,,2179.67,1641.5,258.78,2032.44,4261.21,62.41,132.16,,,,,,214.32,,72.72,57.5,,139.44,277.78,262.71,552.67,906.43,9.22,12.18,,,,,,98.5,,300,19.92,,321.09,100,51,163.9,583.49,1.17,12.9,,,,,,5.25,,,,,,24.63,4.59,29.49,34.74,,0.27,,,,,,,,,,,,6.34,46.3,53.45,53.45,,0.81,,,,,,,,,,,,2.49,2.97,5.46,5.46,,,,,,,,,,,,,,10.15,30.57,40.72,40.72,,,,,,,,,,,,52,52,8.96,200.7,211.12,263.12,,1.46,,,,,,,,,,,,0.75,,3.27,3.27,,2.52,,,,,,,,,,,,0.8,10.54,11.52,11.52,,0.18,,,,,,,4.3,,,,,,,45.01,49.31,,45.01,,,,,,39.64,,,,,,6,1.8,7.8,47.44,,,,,,,
202111,162.11,4096.65,378.1,105.57,38.16,551.04,4146.01,146.36,4380.71,9190.51,29.21,88.34,,,,,,131.105,,,,,,1.27,4.34,11.23,142.335,,5.62,,,,,,34.11,,,2,,2,25.67,33.48,68.57,104.68,,9.42,,,,,,70.7,,112.5,12.2,,125.7,138.93,30.55,190.53,386.93,1,21.05,,,,,,76,,272.09,2.5,,275,277.14,31.69,501.58,852.58,0.41,192.75,,,,,,0.05,,,,0.34,0.34,0.95,17.42,18.49,18.88,,0.12,,,,,,84.89,8969.12,65.3,12,7.5,107.38,4544.37,1572.48,6157.84,15319.23,22.58,40.99,,,,,,73.5,,121.4,89.26,9.2,226,195.8,397.4,787.38,1086.88,6.14,194.18,,,,,,949.31,,,9.2,,10.2,25.75,19.29,63.68,1023.19,1,18.64,,,,,,144.68,,,,,,2.49,22,46.87,191.55,,22.38,,,,,,4.05,,,4.3,,4.3,19.05,34.51,88.07,96.42,,34.51,,,,,,1280.73,5066.7,1867.1,20.2,1,1902.15,7145.05,338.35,7513.71,15763.29,13.85,30.31,,,,,,241.02,62.5,,2.27,,2.5,150,156.3,326.89,632.91,0.23,20.59,,,,,,99.71,2519.89,92.5,14.85,15.4,128,2431.88,160.14,2673.64,5421.24,5.25,81.62,,,,,,380.58,5012.83,2568,16.4,12.59,2632.15,1646.24,860.57,2540.63,10566.19,35.16,33.82,,,,,,5.45,,,,,,,6.36,12.18,17.63,,5.82,,,,,,32.53,,,13.8,,13.8,,0.19,4.1,50.43,,3.91,,,,,,36.47,,,,,,0.1,1.43,7.88,44.35,,6.35,,,,,,30.67,,,,,,,1,3.04,33.71,,2.04,,,,,,106.63,,50.4,8.82,,59.22,383.56,21.66,430.49,596.34,,25.27,,,,,,174.35,,299.5,173.95,10.75,491.65,828.58,222.51,1097.44,1763.44,7.45,46.35,,,,,,23.85,4326.82,119.25,2,,125.08,8617.78,612.02,9512.59,13988.34,3.83,282.79,,,,,,52.11,,,,,,,2.76,4.64,56.75,,1.88,,,,,,123.05,9846.69,969.1,43.55,6.4,1039.91,4424.15,333.61,4810.23,15819.88,20.86,52.47,,,,,,90.87,128.1,158.1,2,45.8,219.74,3822.32,209.74,4040.67,4479.38,13.84,8.61,,,,,,16.01,,,,,,5,4.41,14.87,30.88,,5.46,,,,,,49.1,,1957.5,159.76,,2179.67,1731.5,258.78,2123.57,4352.34,62.41,133.29,,,,,,214.32,,72.72,57.5,,139.44,277.78,262.71,552.8,906.56,9.22,12.31,,,,,,98.5,,300,19.92,,322.45,100,51,163.95,584.9,2.53,12.95,,,,,,5.25,,,,,,24.63,4.59,29.49,34.74,,0.27,,,,,,,,,,,,6.34,46.3,53.45,53.45,,0.81,,,,,,,,,,,,2.49,2.97,5.46,5.46,,,,,,,,,,,,,,10.15,30.57,40.72,40.72,,,,,,,,,,,,52,52,8.96,200.7,211.12,263.12,,1.46,,,,,,,,,,,,0.75,,3.27,3.27,,2.52,,,,,,,,,,,,0.8,11.07,12.05,12.05,,0.18,,,,,,,4.3,,,,,,,45.01,49.31,,45.01,,,,,,39.64,,,,,,6,1.8,7.8,47.44,,,,,,,
202201,162.11,4096.65,378.1,105.57,38.16,551.04,4149.29,148.82,4386.45,9196.25,29.21,88.34,,,,,,131.105,,,,,,1.27,4.34,11.23,142.335,,5.62,,,,,,34.11,,,2,,2,25.67,33.48,68.57,104.68,,9.42,,,,,,70.7,,112.5,12.2,,125.7,138.93,30.55,190.6,387,1,21.12,,,,,,76,,272.09,2.5,,275,283.64,35.77,512.16,863.16,0.41,192.75,,,,,,0.05,,,,0.34,0.34,0.95,17.93,19,19.39,,0.12,,,,,,84.89,9015.72,65.3,12,7.5,107.38,4590.23,1678.66,6309.92,15517.91,22.58,41.03,,,,,,73.5,,121.4,89.26,9.2,226,195.8,397.4,787.38,1086.88,6.14,194.18,,,,,,954.11,,,9.2,,10.2,25.75,19.31,67.51,1031.82,1,22.45,,,,,,144.68,,,,,,2.49,22,46.87,191.55,,22.38,,,,,,4.05,,,4.3,,4.3,19.05,34.51,88.09,96.44,,34.53,,,,,,1280.73,5077.2,1867.1,20.2,1,1902.15,7166.26,338.35,7534.92,15795,13.85,30.31,,,,,,242.52,62.5,,2.27,,2.5,150,174.69,345.28,652.8,0.23,20.59,,,,,,99.71,2519.89,92.5,14.85,15.4,128,2432.02,172.95,2686.6,5434.2,5.25,81.63,,,,,,381.08,5012.83,2568,16.4,12.59,2632.15,1646.24,921.31,2603.21,10629.27,35.16,35.66,,,,,,5.45,,,,,,,6.36,12.24,17.69,,5.88,,,,,,32.53,,,13.8,,13.8,,0.21,4.15,50.48,,3.94,,,,,,36.47,,,,,,0.1,1.43,7.88,44.35,,6.35,,,,,,30.67,,,,,,,1,3.04,33.71,,2.04,,,,,,106.63,,50.4,8.82,,59.22,383.56,21.66,431.19,597.04,,25.97,,,,,,176.1,,299.5,173.95,10.75,491.65,828.58,222.51,1098.36,1766.11,7.45,47.27,,,,,,23.85,4326.82,119.25,2,,125.08,9521.2,689.66,10506.95,14982.7,3.83,296.09,,,,,,52.11,,,,,,,2.76,4.65,56.76,,1.89,,,,,,123.05,9856.92,969.1,43.55,6.4,1039.91,4506.85,333.61,4894.49,15914.37,20.86,54.03,,,,,,90.87,128.1,158.1,2,45.8,219.74,4088.29,219.34,4316.29,4755,13.84,8.66,,,,,,16.01,,,,,,5,4.41,14.87,30.88,,5.46,,,,,,49.1,,1957.5,159.76,,2179.67,1831.5,258.78,2224.4,4453.17,62.41,134.12,,,,,,214.32,,72.72,57.5,,139.44,277.78,262.71,552.92,906.68,9.22,12.43,,,,,,98.5,,300,19.92,,322.45,100,53.04,165.99,586.94,2.53,12.95,,,,,,5.25,,,,,,24.63,4.59,29.49,34.74,,0.27,,,,,,,,,,,,6.34,46.3,53.45,53.45,,0.81,,,,,,,,,,,,2.49,2.97,5.46,5.46,,,,,,,,,,,,,,10.15,30.57,40.72,40.72,,,,,,,,,,,,52,52,8.96,200.7,211.12,263.12,,1.46,,,,,,,,,,,,0.75,,3.27,3.27,,2.52,,,,,,,,,,,,0.8,11.07,12.05,12.05,,0.18,,,,,,,4.3,,,,,,,45.01,49.31,,45.01,,,,,,39.64,,,,,,6,1.8,7.8,47.44,,,,,,,
202202,162.11,4096.65,378.1,105.57,53.16,566.04,4149.29,148.82,4386.45,9211.25,29.21,88.34,,,,,,131.105,,,,,,1.27,4.34,11.23,142.335,,5.62,,,,,,34.11,,,2,,2,70.02,33.48,112.93,149.04,,9.43,,,,,,70.7,,112.5,12.2,,125.7,138.93,30.55,190.61,387.01,1,21.13,,,,,,76,,272.09,2.5,,275,288.63,35.77,517.15,868.15,0.41,192.75,,,,,,0.05,,,,0.34,0.34,0.95,17.93,19,19.39,,0.12,,,,,,84.89,9043.82,65.3,12,7.5,109.26,4600.12,1736.41,6377.56,15615.53,24.46,41.03,,,,,,73.5,,121.4,89.26,9.2,226,195.8,397.4,790.21,1089.71,6.14,197.01,,,,,,954.11,,,9.2,,10.2,32.65,19.31,74.74,1039.05,1,22.78,,,,,,144.68,,,,,,2.49,22,46.93,191.61,,22.44,,,,,,4.05,,,4.3,,4.3,19.05,34.51,88.09,96.44,,34.53,,,,,,1280.73,5077.2,1867.1,20.2,1,1902.15,7201.51,341.5,7573.32,15833.4,13.85,30.31,,,,,,242.52,62.5,,2.27,,2.5,150,174.69,345.28,652.8,0.23,20.59,,,,,,99.71,2519.89,92.5,14.85,15.4,128,2432.02,172.95,2686.61,5434.21,5.25,81.64,,,,,,381.08,5012.83,2568,16.4,12.59,2632.15,1646.24,921.31,2606.63,10632.69,35.16,39.08,,,,,,5.45,,,,,,,6.36,12.25,17.7,,5.89,,,,,,32.53,,,13.8,,13.8,,0.21,4.15,50.48,,3.94,,,,,,36.47,,,,,,0.1,1.43,7.88,44.35,,6.35,,,,,,30.67,,,,,,,1,3.04,33.71,,2.04,,,,,,106.63,,50.4,8.82,,59.22,383.56,21.66,431.19,597.04,,25.97,,,,,,176.1,,299.5,173.95,10.75,491.65,828.58,222.51,1098.37,1766.12,7.45,47.28,,,,,,23.85,4326.82,119.25,2,,125.08,9696,689.66,10687.58,15163.33,3.83,301.92,,,,,,52.11,,,,,,,2.76,4.65,56.76,,1.89,,,,,,123.05,9857.67,969.1,43.55,6.4,1040.49,4506.85,333.61,4894.49,15915.7,21.44,54.03,,,,,,90.87,128.1,158.1,2,45.8,219.74,4203.17,227.34,4439.18,4877.89,13.84,8.67,,,,,,16.01,,,,,,5,4.41,14.89,30.9,,5.48,,,,,,49.1,,1957.5,159.76,,2179.67,1831.5,258.78,2224.43,4453.2,62.41,134.15,,,,,,214.32,,72.72,57.5,,139.44,277.78,262.71,552.92,906.68,9.22,12.43,,,,,,98.5,,300,19.92,,322.45,100,53.04,166,586.95,2.53,12.96,,,,,,5.25,,,,,,24.63,4.59,29.49,34.74,,0.27,,,,,,,,,,,,6.34,46.3,53.45,53.45,,0.81,,,,,,,,,,,,2.49,2.97,5.46,5.46,,,,,,,,,,,,,,10.15,30.57,40.72,40.72,,,,,,,,,,,,52,52,8.96,200.7,211.12,263.12,,1.46,,,,,,,,,,,,0.75,,3.27,3.27,,2.52,,,,,,,,,,,,0.8,12.71,13.69,13.69,,0.18,,,,,,,4.3,,,,,,,45.01,49.31,,45.01,,,,,,39.64,,,,,,6,1.8,7.8,47.44,,,,,,,
202203,162.11,4096.65,378.1,105.57,53.16,566.04,4149.29,149.13,4386.76,9211.56,29.21,88.34,,,,,,131.105,,,,,,1.27,4.34,11.23,142.335,,5.62,,,,,,34.11,,,2,,2,75.03,33.48,117.94,154.05,,9.43,,,,,,70.7,,112.5,12.2,,126.02,138.93,30.55,190.63,387.35,1.32,21.15,,,,,,76,,272.09,2.5,,275,288.63,36.7,518.08,869.08,0.41,192.75,,,,,,0.05,,,,0.34,0.34,0.95,18.88,19.95,20.34,,0.12,,,,,,89.39,9209.22,65.3,12,7.5,109.26,5333.67,1805.33,7180.03,16587.9,24.46,41.03,,,,,,73.5,,151.4,89.26,11.2,258,265.8,397.4,910.63,1242.13,6.14,247.43,,,,,,954.11,,,9.2,,10.2,33.15,19.31,76.16,1040.47,1,23.7,,,,,,144.68,,,,,,2.49,22,46.93,191.61,,22.44,,,,,,4.05,,,4.3,,4.3,19.05,35.21,88.79,97.14,,34.53,,,,,,1280.73,5130.9,1867.1,20.2,1,1902.15,7213.26,347.24,7590.81,15904.59,13.85,30.31,,,,,,242.52,62.5,,2.27,,2.5,167.9,174.69,363.18,670.7,0.23,20.59,,,,,,99.71,2519.89,92.5,14.85,15.4,131.33,2459.02,177.29,2717.95,5468.88,8.58,81.64,,,,,,381.08,5012.83,2568,16.4,12.59,2632.15,1646.24,942.05,2631.02,10657.08,35.16,42.73,,,,,,5.45,,,,,,,6.36,12.25,17.7,,5.89,,,,,,32.53,,,13.8,,13.8,,0.21,4.15,50.48,,3.94,,,,,,36.47,,,,,,0.1,1.45,7.9,44.37,,6.35,,,,,,30.67,,,,,,,1,3.04,33.71,,2.04,,,,,,106.63,,50.4,8.82,,59.22,403.56,21.66,451.24,617.09,,26.02,,,,,,176.1,,299.5,173.95,10.75,491.65,828.58,222.51,1100.07,1767.82,7.45,48.98,,,,,,23.85,4326.82,119.25,2,,125.08,11493.75,748.44,12564.87,17040.62,3.83,322.68,,,,,,52.11,,,,,,,2.76,4.68,56.79,,1.92,,,,,,123.05,9866.37,969.1,43.55,6.4,1042.7,4679.53,333.61,5067.18,16099.3,23.65,54.04,,,,,,90.87,128.1,158.1,2,45.8,219.74,4277.97,233.8,4520.48,4959.19,13.84,8.71,,,,,,16.01,,,,,,5,4.41,14.89,30.9,,5.48,,,,,,49.1,,1957.5,159.76,,2189.99,1851.5,258.78,2244.43,4483.52,72.73,134.15,,,,,,218.82,,72.72,57.5,,139.44,298.4,262.71,573.54,931.8,9.22,12.43,,,,,,98.5,,300,19.92,,322.45,100,53.04,166,586.95,2.53,12.96,,,,,,5.25,,,,,,24.63,4.59,29.49,34.74,,0.27,,,,,,,,,,,,6.34,48.02,55.17,55.17,,0.81,,,,,,,,,,,,2.49,2.97,5.46,5.46,,,,,,,,,,,,,,10.15,30.57,40.72,40.72,,,,,,,,,,,,59,59,8.96,200.7,211.12,270.12,,1.46,,,,,,,,,,,,0.75,,3.27,3.27,,2.52,,,,,,,,,,,,0.8,12.71,13.69,13.69,,0.18,,,,,,,4.3,,,,,,,45.01,49.31,,45.01,,,,,,39.64,,,,,,6,1.8,7.8,47.44,,,,,,,
202204,162.11,4096.65,378.1,105.57,53.16,566.04,,,4389.42,9214.22,29.21,,,,,,,133.105,,,,,,,,11.23,144.335,,,,,,,,34.11,,,2,,2,,,142.94,179.05,,,,,,,,70.7,,112.5,12.2,,126.02,,,190.64,387.36,1.32,,,,,,,76,,272.09,2.5,,275,,,523.07,874.07,0.41,,,,,,,0.05,,,,0.34,0.34,,,20.31,20.7,,,,,,,,89.39,9289.72,65.3,12,7.5,109.26,,,7619.4,17107.77,24.46,,,,,,,73.5,,151.4,89.26,11.2,258,,,928.57,1260.07,6.14,,,,,,,954.11,,,9.2,,10.2,,,77.56,1041.87,1,,,,,,,144.68,,,,,,,,46.93,191.61,,,,,,,,4.05,,,4.3,,4.3,,,88.79,97.14,,,,,,,,1280.73,5130.9,1867.1,20.2,1,1902.15,,,7597.92,15911.7,13.85,,,,,,,242.52,62.5,,2.27,,2.5,,,420.78,728.3,0.23,,,,,,,99.71,2519.89,92.5,14.85,15.4,131.33,,,2734.21,5485.14,8.58,,,,,,,381.08,5012.83,2568,16.4,12.59,2632.15,,,2667.83,10693.89,35.16,,,,,,,5.45,,,,,,,,12.24,17.69,,,,,,,,32.53,,,13.8,,13.8,,,4.16,50.49,,,,,,,,36.47,,,,,,,,8.01,44.48,,,,,,,,30.67,,,,,,,,3.04,33.71,,,,,,,,106.63,,50.4,8.82,,59.22,,,451.41,617.26,,,,,,,,176.1,,299.5,173.95,10.75,491.65,,,1100.07,1767.82,7.45,,,,,,,23.85,4416.82,119.25,2,,125.08,,,12946.99,17512.74,3.83,,,,,,,52.11,,,,,,,,4.69,56.8,,,,,,,,123.05,9866.37,969.1,43.55,6.4,1042.7,,,5378.23,16410.35,23.65,,,,,,,90.87,128.1,158.1,2,45.8,219.74,,,4525.85,4964.56,13.84,,,,,,,16.01,,,,,,,,14.92,30.93,,,,,,,,49.1,,1957.5,159.76,,2189.99,,,2244.46,4483.55,72.73,,,,,,,218.82,,72.72,57.5,,139.44,,,573.54,931.8,9.22,,,,,,,98.5,,300,19.92,,322.45,,,176,596.95,2.53,,,,,,,5.25,,,,,,,,29.91,35.16,,,,,,,,,,,,,,,,55.65,55.65,,,,,,,,,,,,,,,,5.46,5.46,,,,,,,,,,,,,,,,40.72,40.72,,,,,,,,,,,,59,59,,,211.12,270.12,,,,,,,,,,,,,,,,3.27,3.27,,,,,,,,,,,,,,,,35.51,35.51,,,,,,,,,4.3,,,,,,,45.01,49.31,,,,,,,,39.64,,,,,,,,7.8,47.44,,,,,,,
202205,162.11,4096.65,378.1,105.57,53.16,566.04,,,4390.14,9214.94,29.21,,,,,,,133.105,,,,,,,,11.23,144.335,,,,,,,,34.11,,,2,,2,,,142.94,179.05,,,,,,,,70.7,,112.5,12.2,,126.02,,,190.69,387.41,1.32,,,,,,,76,,272.09,2.5,,275,,,529.32,880.32,0.41,,,,,,,0.05,,,,0.34,0.34,,,20.31,20.7,,,,,,,,89.39,9348.52,65.3,12,7.5,109.26,,,7782.72,17329.89,24.46,,,,,,,73.5,,151.4,89.26,11.2,258,,,931.93,1263.43,6.14,,,,,,,954.11,,,9.2,,10.2,,,79.36,1043.67,1,,,,,,,144.68,,,,,,,,47.67,192.35,,,,,,,,4.05,,,4.3,,4.3,,,88.79,97.14,,,,,,,,1280.73,5171.4,1867.1,20.2,1,1902.15,,,7597.92,15952.2,13.85,,,,,,,266.52,62.5,,2.27,,2.5,,,493.68,825.2,0.23,,,,,,,99.71,2519.89,92.5,14.85,15.4,131.33,,,2745.88,5496.81,8.58,,,,,,,381.08,5012.83,2568,16.4,12.59,2632.15,,,2668.89,10694.95,35.16,,,,,,,5.45,,,,,,,,12.26,17.71,,,,,,,,32.53,,,13.8,,13.8,,,4.16,50.49,,,,,,,,36.47,,,,,,,,8.01,44.48,,,,,,,,31.67,,,,,,,,3.04,34.71,,,,,,,,115.63,,50.4,8.82,,59.22,,,451.41,626.26,,,,,,,,176.1,,299.5,173.95,10.75,491.65,,,1112.96,1780.71,7.45,,,,,,,23.85,4495.82,119.25,2,,125.08,,,14062.52,18707.27,3.83,,,,,,,53.61,,,,,,,,4.69,58.3,,,,,,,,123.05,9866.37,969.1,43.55,6.4,1042.7,,,5572.22,16604.34,23.65,,,,,,,90.87,128.1,158.1,2,45.8,219.74,,,4553.66,4992.37,13.84,,,,,,,16.01,,,,,,,,15.41,31.42,,,,,,,,49.1,,1957.5,159.76,,2189.99,,,2244.56,4483.65,72.73,,,,,,,218.82,,72.72,57.5,,139.44,,,573.54,931.8,9.22,,,,,,,98.5,,300,19.92,,322.45,,,176,596.95,2.53,,,,,,,5.25,,,,,,,,29.91,35.16,,,,,,,,,,,,,,,,56.33,56.33,,,,,,,,,,,,,,,,5.46,5.46,,,,,,,,,,,,,,,,41.01,41.01,,,,,,,,,,,,59,59,,,211.12,270.12,,,,,,,,,,,,,,,,3.27,3.27,,,,,,,,,,,,,,,,35.51,35.51,,,,,,,,,4.3,,,,,,,45.01,49.31,,,,,,,,39.64,,,,,,,,7.8,47.44,,,,,,,
202206,162.11,4096.65,,,,566.04,,,4390.48,9215.28,,,,,,,,133.11,,,,,,,,11.23,144.34,,,,,,,,34.11,,,,,2,,,142.94,179.05,,,,,,,,70.7,,,,,126.02,,,190.69,387.41,,,,,,,,76,,,,,275,,,529.32,880.32,,,,,,,,0.05,,,,,0.34,,,21.54,21.93,,,,,,,,89.39,9419.42,,,,109.26,,,7806.8,17424.87,,,,,,,,73.5,,,,,258,,,943.61,1275.11,,,,,,,,954.11,,,,,10.2,,,80.56,1044.87,,,,,,,,144.68,,,,,,,,47.9,192.58,,,,,,,,4.05,,,,,4.3,,,88.79,97.14,,,,,,,,1280.73,5182.15,,,,1902.15,,,7597.92,15962.95,,,,,,,,266.52,62.5,,,,2.5,,,539.6,871.12,,,,,,,,99.71,2519.89,,,,131.33,,,2746.27,5497.2,,,,,,,,381.08,5012.83,,,,2632.15,,,2753.3,10779.36,,,,,,,,5.45,,,,,,,,12.26,17.71,,,,,,,,32.53,,,,,13.8,,,4.16,50.49,,,,,,,,36.47,,,,,,,,8.01,44.48,,,,,,,,31.67,,,,,,,,3.04,34.71,,,,,,,,115.63,,,,,59.22,,,452.13,626.98,,,,,,,,176.1,,,,,491.65,,,1117.99,1785.74,,,,,,,,23.85,4495.82,,,,125.08,,,14454.7,19099.45,,,,,,,,55.11,,,,,,,,4.69,59.8,,,,,,,,123.05,9866.37,,,,1042.7,,,5690.79,16722.91,,,,,,,,90.87,128.1,,,,219.74,,,4621.07,5059.78,,,,,,,,16.01,,,,,,,,15.87,31.88,,,,,,,,49.1,,,,,2189.99,,,2244.56,4483.65,,,,,,,,218.82,,,,,139.44,,,573.54,931.8,,,,,,,,98.5,,,,,322.45,,,176,596.95,,,,,,,,5.25,,,,,,,,29.91,35.16,,,,,,,,,,,,,,,,56.85,56.85,,,,,,,,,,,,,,,,5.46,5.46,,,,,,,,,,,,,,,,41.01,41.01,,,,,,,,,,,,,59,,,211.12,270.12,,,,,,,,,,,,,,,,3.27,3.27,,,,,,,,,,,,,,,,35.53,35.53,,,,,,,,,4.3,,,,,,,45.01,49.31,,,,,,,,39.64,,,,,,,,7.8,47.44,,,,,,,
202207,162.11,4096.65,378.1,105.57,53.16,566.04,4240.99,152.85,4482.18,9306.98,29.21,88.34,,,,,,133.11,,,,,,1.27,4.34,11.23,144.34,,5.62,,,,,,34.11,,,2,,2,100.03,33.48,142.94,179.05,,9.43,,,,,,70.7,,112.5,12.2,,126.02,138.93,30.55,190.69,387.41,1.32,21.21,,,,,,76,,272.09,2.5,,275,294.46,42.11,529.32,880.32,0.41,192.75,,,,,,0.05,,,,0.34,0.34,0.95,20.47,21.54,21.93,,0.12,,,,,,89.39,9443.02,65.3,12,7.5,109.26,5909.27,1923,7873.3,17514.97,24.46,41.03,,,,,,73.5,,151.4,89.26,11.2,258,265.8,397.4,943.61,1275.11,6.14,280.41,,,,,,954.11,,,9.2,,10.2,37.1,19.31,82.16,1046.47,1,25.75,,,,,,144.68,,,,,,2.49,22,47.9,192.58,,23.41,,,,,,4.05,,,4.3,,4.3,19.05,35.21,88.79,97.14,,34.53,,,,,,1280.73,5219.95,1867.1,20.2,1,1902.15,7280.26,371.99,7682.56,16085.39,13.85,30.31,,,,,,266.52,62.5,,2.27,,2.5,272.16,246.69,539.61,871.13,0.23,20.76,,,,,,99.71,2519.89,92.5,14.85,15.4,131.33,2459.02,205.62,2746.28,5497.21,8.58,81.64,,,,,,381.08,5012.83,2568,16.4,12.59,2632.15,1739.1,980.08,2773.3,10799.36,35.16,54.12,,,,,,5.45,,,,,,,6.36,12.26,17.71,,5.9,,,,,,32.53,,,13.8,,13.8,,0.21,4.15,50.48,,3.94,,,,,,36.47,,,,,,0.1,1.55,8,44.47,,6.35,,,,,,31.67,,,,,,,1,3.04,34.71,,2.04,,,,,,115.63,,50.4,8.82,,59.22,403.56,21.66,452.14,626.99,,26.92,,,,,,176.1,,299.5,173.95,10.75,491.65,828.58,222.51,1117.99,1785.74,7.45,66.9,,,,,,23.85,4537.02,119.25,2,,125.08,11821.87,814.02,14454.7,19140.65,3.83,438.41,1380.4,,,,,55.11,,,,,,,2.76,4.68,59.79,,1.92,,,,,,123.05,9869.07,969.1,43.55,6.4,1042.7,5264.95,368.5,5690.79,16725.61,23.65,57.34,,,,,,90.87,128.1,158.1,2,45.8,219.74,4360.49,255.51,4624.71,5063.42,13.84,8.71,,,,,,16.01,,,,,,5,4.41,15.87,31.88,,6.46,,,,,,49.1,,1957.5,159.76,,2189.99,1851.5,258.78,2244.56,4483.65,72.73,134.28,,,,,,218.82,,72.72,57.5,,139.44,298.4,262.71,573.54,931.8,9.22,12.43,,,,,,98.5,,300,19.92,,322.45,110,53.04,176,596.95,2.53,12.96,,,,,,5.25,,,,,,25.05,4.59,29.91,35.16,,0.27,,,,,,,,,,,,6.34,49.7,56.85,56.85,,0.81,,,,,,,,,,,,2.49,2.97,5.46,5.46,,,,,,,,,,,,,,10.15,30.86,41.01,41.01,,,,,,,,,,,,59,59,8.96,200.7,211.12,270.12,,1.46,,,,,,,,,,,,0.75,,3.27,3.27,,2.52,,,,,,,,,,,,0.8,34.55,35.53,35.53,,0.18,,,,,,,4.3,,,,,,,45.01,49.31,,45.01,,,,,,39.64,,,,,,6,1.8,7.8,47.44,,,,,,,
202208,162.11,4096.65,378.1,105.57,53.16,566.04,,,4505.8,9330.6,29.21,,,,,,,133.11,,,,,,,,11.23,144.34,,,,,,,,34.11,,,2,,2,,,142.96,179.07,,,,,,,,70.7,,112.5,12.2,,126.02,,,190.76,387.48,1.32,,,,,,,76,,272.09,2.5,,275,,,798.34,1149.34,0.41,,,,,,,0.05,,,,0.34,0.34,,,26.4,26.79,,,,,,,,89.39,9711.82,65.3,12,7.5,109.26,,,8000.15,17910.62,24.46,,,,,,,73.5,,151.4,89.26,11.2,258,,,947.89,1279.39,6.14,,,,,,,954.11,,,9.2,,10.2,,,86.29,1050.6,1,,,,,,,144.68,,,,,,,,48.41,193.09,,,,,,,,4.05,,,4.3,,4.3,,,91.82,100.17,,,,,,,,1280.73,5257.65,1867.1,20.2,1,1902.15,,,7771.49,16212.02,13.85,,,,,,,266.52,62.5,,2.27,,2.5,,,622.36,953.88,0.23,,,,,,,99.71,2519.89,92.5,14.85,15.4,131.33,,,2755.4,5506.33,8.58,,,,,,,381.08,5012.83,2568,16.4,12.59,2632.15,,,2935.9,10961.96,35.16,,,,,,,5.45,,,,,,,,12.28,17.73,,,,,,,,32.53,,,13.8,,13.8,,,4.16,50.49,,,,,,,,36.47,,,,,,,,8.02,44.49,,,,,,,,31.67,,,,,,,,3.04,34.71,,,,,,,,115.63,,50.4,8.82,,59.22,,,452.64,627.49,,,,,,,,176.1,,299.5,173.95,10.75,491.65,,,1124.53,1792.28,7.45,,,,,,,23.85,4537.02,119.25,2,,125.08,,,14826.28,19512.23,3.83,,,,,,,55.11,,,,,,,,4.69,59.8,,,,,,,,123.05,9873.92,969.1,43.55,6.4,1042.7,,,5852.43,16892.1,23.65,,,,,,,90.87,128.1,158.1,2,45.8,219.74,,,4630.1,5068.81,13.84,,,,,,,16.01,,,,,,,,16.15,32.16,,,,,,,,49.1,,1957.5,159.76,,2189.99,,,2244.78,4483.87,72.73,,,,,,,218.82,,72.72,57.5,,139.44,,,575.43,933.69,9.22,,,,,,,98.5,,300,19.92,,322.45,,,176.02,596.97,2.53,,,,,,,5.25,,,,,,,,29.91,35.16,,,,,,,,,,,,,,,,57.84,57.84,,,,,,,,,,,,,,,,5.46,5.46,,,,,,,,,,,,,,,,41.01,41.01,,,,,,,,,,,,59,59,,,211.12,270.12,,,,,,,,,,,,,,,,3.27,3.27,,,,,,,,,,,,,,,,35.53,35.53,,,,,,,,,4.3,,,,,,,45.01,49.31,,,,,,,,39.64,,,,,,,,7.8,47.44,,,,,,,
202209,162.11,4096.65,378.1,105.57,53.16,566.04,4257.39,160.93,4506.66,9331.46,29.21,88.34,,,,,,133.11,,,,,,1.27,4.34,11.23,144.34,,5.62,,,,,,34.11,,,2,,2,105,33.48,147.92,184.03,,9.44,,,,,,70.7,,112.5,12.2,,126.02,138.93,30.55,190.76,387.48,1.32,21.28,,,,,,76,,272.09,2.5,,275,364.46,47.15,798.34,1149.34,0.41,386.73,,,,,,0.05,,,,0.34,0.34,0.95,25.33,26.4,26.79,,0.12,,,,,,89.39,9798.52,65.3,12,7.5,110.73,6045.11,1957.38,8045.58,18044.22,25.93,43.09,,,,,,73.5,,151.4,89.26,11.2,258.88,265.8,398.7,954.65,1287.03,7.02,290.15,,,,,,960.71,,,9.2,,10.2,38.1,19.31,87.35,1058.26,1,29.94,,,,,,144.68,,,,,,2.49,22,48.56,193.24,,24.07,,,,,,4.05,,,4.3,,4.3,19.05,35.21,93.58,101.93,,39.32,,,,,,1280.73,5268.15,1867.1,20.2,1,1902.15,7446.96,382.11,7859.38,16310.41,13.85,30.31,,,,,,266.52,62.5,,2.27,,2.5,286.48,346.73,653.97,985.49,0.23,20.76,,,,,,99.71,2844.29,92.5,14.85,15.4,131.75,2459.02,221.47,2762.14,5837.89,9,81.65,,,,,,381.08,5012.83,2568,16.4,12.59,2636.42,2089.1,1202.44,3391.63,11421.96,39.43,100.09,,,,,,5.45,,,,,,,6.36,12.28,17.73,,5.92,,,,,,32.53,,,13.8,,13.8,,0.21,4.15,50.48,,3.94,,,,,,41.47,,,,,,0.1,1.56,8.01,49.48,,6.35,,,,,,31.67,,,,,,,1,3.04,34.71,,2.04,,,,,,115.63,,50.4,8.82,,59.22,403.56,21.66,452.67,627.52,,27.45,,,,,,176.1,,299.5,173.95,10.75,498.94,828.58,222.75,1127.07,1802.11,14.74,75.74,,,,,,23.85,4576.82,119.25,2,,125.08,12590.27,835,15283.66,20009.41,3.83,477.99,1380.4,,,,,55.11,,,,,,,2.76,4.68,59.79,,1.92,,,,,,123.05,9873.92,969.1,43.55,6.4,1042.7,5804.93,368.5,6233.36,17273.03,23.65,59.93,,,,,,90.87,128.1,158.1,2,45.8,219.74,4360.49,268.19,4637.39,5076.1,13.84,8.71,,,,,,16.01,,,,,,5,4.41,16.26,32.27,,6.85,,,,,,49.1,,1957.5,159.76,,2192.89,1871.5,258.78,2264.78,4506.77,75.63,134.5,,,,,,218.82,,72.72,57.5,,139.44,298.4,262.71,575.45,933.71,9.22,14.34,,,,,,98.5,,300,19.92,,323.7,110,53.04,176.03,598.23,3.78,12.99,,,,,,5.25,,,,,,25.05,4.59,29.91,35.16,,0.27,,,,,,,,,,,,6.34,50.69,57.84,57.84,,0.81,,,,,,,,,,,,2.49,2.97,5.46,5.46,,,,,,,,,,,,,,10.15,30.86,41.01,41.01,,,,,,,,,,,,59,59,8.96,200.7,211.12,270.12,,1.46,,,,,,,,,,,,0.75,,3.27,3.27,,2.52,,,,,,,,,,,,0.8,34.55,35.53,35.53,,0.18,,,,,,,4.3,,,,,,,45.01,49.31,,45.01,,,,,,39.64,,,,,,6,1.8,7.8,47.44,,,,,,,
202211,162.11,4096.65,378.1,105.57,53.16,566.04,,,4508.45,9333.25,29.21,,,4258.39,161.72,,88.34,133.11,,,,,,,,11.23,144.34,,,,1.27,4.34,,5.62,34.11,,,2,,2,,,147.92,184.03,,,,105,33.48,,9.44,70.7,,112.5,12.2,,126.02,,,192.89,389.61,1.32,,,141.06,30.55,,21.28,76,,272.09,2.5,,275,,,803.43,1154.43,0.41,,,368.62,48.08,,386.73,0.05,,,,0.34,0.34,,,26.4,26.79,,,,0.95,25.33,,0.12,89.39,9860.62,65.3,12,7.5,110.73,,,8369.9,18430.64,25.93,,,6210.81,2114.8,,44.29,73.5,,151.4,89.26,11.2,258.88,,,968.67,1301.05,7.02,,,265.8,404.43,,298.44,960.71,,,9.2,,10.2,,,87.38,1058.29,1,,,38.1,19.31,,29.97,144.68,,,,,,,,48.9,193.58,,,,2.49,22.3,,24.11,4.05,,,4.3,,4.3,,,94.07,102.42,,,,19.05,35.21,,39.81,1280.73,5268.15,1867.1,20.2,1,1902.15,,,7879.55,16330.58,13.85,,,7454.96,394.28,,30.31,266.52,62.5,,2.27,,2.5,,,653.97,985.49,0.23,,,286.48,346.73,,20.76,123.71,2844.29,92.5,14.85,15.4,131.75,,,2765.58,5865.33,9,,,2459.02,224.91,,81.65,381.08,5012.83,2568,16.4,12.59,2636.42,,,3503.09,11533.42,39.43,,,2089.1,1303.66,,110.33,5.45,,,,,,,,12.28,17.73,,,,,6.36,,5.92,32.53,,,13.8,,13.8,,,4.15,50.48,,,,,0.21,,3.94,41.47,,,,,,,,8.01,49.48,,,,0.1,1.56,,6.35,31.67,,,,,,,,3.04,34.71,,,,,1,,2.04,115.63,,50.4,8.82,,59.22,,,452.72,627.57,,,,403.56,21.66,,27.5,176.1,,299.5,173.95,10.75,498.94,,,1143.41,1818.45,14.74,,,828.58,239.09,,75.74,23.85,4681.82,119.25,2,,125.08,,,15626.04,20456.79,3.83,,,12728.27,835,1579,483.77,55.11,,,,,,,,4.68,59.79,,,,,2.76,,1.92,123.05,9936.02,969.1,43.55,6.4,1042.7,,,6333.46,17435.23,23.65,,,5904.83,368.5,,60.13,90.87,128.1,158.1,2,45.8,219.74,,,4640.02,5078.73,13.84,,,4360.49,270.82,,8.71,16.01,,,,,,,,16.3,32.31,,,,5,4.41,,6.89,49.1,,1957.5,159.76,,2192.89,,,2467.78,4709.77,75.63,,,2074.5,258.78,,134.5,218.82,,72.72,57.5,,139.44,,,575.45,933.71,9.22,,,298.4,262.71,,14.34,98.5,,300,19.92,,323.7,,,179.83,602.03,3.78,,,113.8,53.04,,12.99,5.25,,,,,,,,29.91,35.16,,,,25.05,4.59,,0.27,,,,,,,,,58.69,58.69,,,,6.34,51.54,,0.81,,,,,,,,,5.46,5.46,,,,2.49,2.97,,,,,,,,,,,41.01,41.01,,,,10.15,30.86,,,,,,,84,84,,,211.12,295.12,,,,8.96,200.7,,1.46,,,,,,,,,3.27,3.27,,,,0.75,,,2.52,,,,,,,,,35.53,35.53,,,,0.8,34.55,,0.18,,4.3,,,,,,,45.01,49.31,,,,,,,45.01,40.79,,,,,,,,7.8,48.59,,,,6,1.8,,
202212,162.11,4096.65,378.1,105.57,53.16,566.04,,,4524.72,9349.52,29.21,,,4271.59,164.79,,88.34,133.11,,,,,,,,11.52,144.63,,,,1.27,4.34,,5.91,34.11,,,2,,2,,,147.92,184.03,,,,105,33.48,,9.44,70.7,,112.5,12.2,,126.02,,,192.89,389.61,1.32,,,141.06,30.55,,21.28,76,,272.09,2.5,,275,,,944.22,1295.22,0.41,,,506.51,50.98,,386.73,0.05,,,,0.34,0.34,,,26.4,26.79,,,,0.95,25.33,,0.12,89.39,9860.62,65.3,12,7.5,110.73,,,8500.74,18561.48,25.93,,,6248.27,2206.27,,46.2,73.5,,151.4,89.26,11.2,258.88,,,990.67,1323.05,7.02,,,265.8,418.16,,306.71,960.71,,,9.2,,10.2,,,87.39,1058.3,1,,,38.1,19.31,,29.98,144.68,,,,,,,,48.9,193.58,,,,2.49,22.3,,24.11,4.05,,,4.3,,4.3,,,94.91,103.26,,,,19.05,35.29,,40.57,1280.73,5268.15,1867.1,20.2,1,1902.15,,,7885.57,16336.6,13.85,,,7454.96,400.3,,30.31,266.52,62.5,,2.27,,2.5,,,688.35,1019.87,0.23,,,286.48,381.11,,20.76,123.71,2844.29,92.5,14.85,15.4,131.75,,,2774.78,5874.53,9,,,2459.02,229.86,,85.9,381.08,5012.83,2568,16.4,12.59,2636.42,,,3646.13,11676.46,39.43,,,2091.1,1385.16,,169.87,5.45,,,,,,,,12.28,17.73,,,,,6.36,,5.92,32.53,,,13.8,,13.8,,,4.15,50.48,,,,,0.21,,3.94,41.47,,,,,,,,8.01,49.48,,,,0.1,1.56,,6.35,31.67,,,,,,,,3.04,34.71,,,,,1,,2.04,115.63,,50.4,8.82,,59.22,,,452.72,627.57,,,,403.56,21.66,,27.5,176.1,,299.5,173.95,10.75,498.94,,,1153.21,1828.25,14.74,,,831.75,244.41,,77.05,23.85,4681.82,119.25,2,,125.08,,,16340.75,21171.5,3.83,,,13403.27,835,1579,523.48,55.11,,,,,,,,4.68,59.79,,,,,2.76,,1.92,123.05,9936.02,969.1,43.55,6.4,1042.7,,,6412.36,17514.13,23.65,,,5982.31,368.5,,61.55,90.87,128.1,158.1,2,45.8,219.74,,,4650.93,5089.64,13.84,,,4360.49,281.73,,8.71,16.01,,,,,,,,16.67,32.68,,,,5,4.78,,6.89,49.1,,1957.5,159.76,,2192.89,,,2485.16,4727.15,75.63,,,2074.5,258.78,,151.88,218.82,,72.72,57.5,,139.44,,,575.46,933.72,9.22,,,298.4,262.71,,14.35,98.5,,300,19.92,,323.7,,,179.83,602.03,3.78,,,113.8,53.04,,12.99,5.25,,,,,,,,29.91,35.16,,,,25.05,4.59,,0.27,,,,,,,,,58.69,58.69,,,,6.34,51.54,,0.81,,,,,,,,,5.46,5.46,,,,2.49,2.97,,,,,,,,,,,41.01,41.01,,,,10.15,30.86,,,,,,,84,84,,,211.48,295.48,,,,8.96,201.06,,1.46,,,,,,,,,3.27,3.27,,,,0.75,,,2.52,,,,,,,,,35.53,35.53,,,,0.8,34.55,,0.18,,4.3,,,,,,,45.01,49.31,,,,,,,45.01,40.79,,,,,,,,7.8,48.59,,,,6,1.8,,
202301,162.11,4096.65,378.1,105.57,53.16,566.04,,,4525.26,9350.06,29.21,,,4271.59,165.33,,88.34,133.11,,,,,,,,11.59,144.7,,,,1.27,4.34,,5.98,34.11,,,2,,2,,,147.92,184.03,,,,105,33.48,,9.44,70.7,,112.5,12.2,,126.02,,,192.89,389.61,1.32,,,141.06,30.55,,21.28,76,,272.09,2.5,,275,,,944.89,1295.89,0.41,,,507.18,50.98,,386.73,0.05,,,,0.34,0.34,,,26.4,26.79,,,,0.95,25.33,,0.12,89.39,9918.82,65.3,12,7.5,110.73,,,8747.42,18866.36,25.93,,,6434.44,2261.16,,51.82,73.5,,151.4,89.26,11.2,258.88,,,1003.59,1335.97,7.02,,,265.8,418.16,,319.63,969.71,,,9.2,,10.2,,,87.46,1067.37,1,,,38.1,19.31,,30.05,146.68,,,,,,,,49.09,195.77,,,,2.49,22.4,,24.2,4.05,,,4.3,,4.3,,,99.54,107.89,,,,19.05,35.29,,45.2,1280.73,5269.65,1867.1,20.2,1,1902.15,,,8018.6,16471.13,13.85,,,7572.2,416.09,,30.31,266.52,62.5,,2.27,,2.5,,,707.14,1038.66,0.23,,,286.48,399.84,,20.82,123.71,2844.29,92.5,14.85,15.4,131.75,,,2774.78,5874.53,9,,,2459.02,229.86,,85.9,381.08,5012.83,2568,16.4,12.59,2637.98,,,3704.61,11736.5,40.99,,,2091.1,1424.01,,189.5,5.45,,,,,,,,12.28,17.73,,,,,6.36,,5.92,32.53,,,13.8,,13.8,,,4.15,50.48,,,,,0.21,,3.94,45.47,,,,,,,,8.01,53.48,,,,0.1,1.56,,6.35,31.67,,,,,,,,3.04,34.71,,,,,1,,2.04,115.63,,50.4,8.82,,59.22,,,452.82,627.67,,,,403.56,21.66,,27.6,176.1,,299.5,173.95,10.75,499.57,,,1154.82,1830.49,15.37,,,831.75,244.41,,78.66,23.85,4681.82,119.25,2,,125.08,,,16353.07,21183.82,3.83,,,13403.27,835,1579,535.8,55.11,,,,,,,,4.68,59.79,,,,,2.76,,1.92,123.05,9964.22,969.1,43.55,6.4,1042.7,,,6497.32,17627.29,23.65,,,6061.31,373.73,,62.28,90.87,128.1,158.1,2,45.8,220.37,,,4657.18,5096.52,14.47,,,4360.49,287.98,,8.71,16.01,,,,,,,,17.44,33.45,,,,5,4.78,,7.66,49.1,,1957.5,159.76,,2192.89,,,2493.38,4735.37,75.63,,,2074.5,258.78,,160.1,218.82,,72.72,57.5,,139.44,,,575.52,933.78,9.22,,,298.4,262.71,,14.41,98.5,,300,24.12,,327.9,,,179.98,606.38,3.78,,,113.8,53.04,,13.14,5.25,,,,,,,,29.91,35.16,,,,25.05,4.59,,0.27,,,,,,,,,58.69,58.69,,,,6.34,51.54,,0.81,,,,,,,,,5.46,5.46,,,,2.49,2.97,,,,,,,,,,,41.01,41.01,,,,10.15,30.86,,,,,,,84,84,,,212.3,296.3,,,,8.96,201.88,,1.46,,,,,,,,,3.27,3.27,,,,0.75,,,2.52,,,,,,,,,35.53,35.53,,,,0.8,34.55,,0.18,,4.3,,,,,,,45.01,49.31,,,,,,,45.01,40.79,,,,,,,,7.8,48.59,,,,6,1.8,,
202302,163.31,4096.65,378.1,105.57,53.16,567.16,,,4530.76,9357.88,30.33,,,4274.87,167.55,,88.34,133.11,,,,,,,,11.64,144.75,,,,1.27,4.34,,6.03,34.11,,,2,,2,,,147.92,184.03,,,,105,33.48,,9.44,70.7,,112.5,12.2,,126.02,,,192.89,389.61,1.32,,,141.06,30.55,,21.28,76,,272.09,2.5,,275,,,947.35,1298.35,0.41,,,507.18,53.44,,386.73,0.05,,,,0.34,0.34,,,26.4,26.79,,,,0.95,25.33,,0.12,91.64,9925.72,65.3,12,7.5,110.73,,,8887.73,19015.82,25.93,,,6469.94,2365.75,,52.04,73.5,,151.4,89.26,11.2,259.43,,,1026.71,1359.64,7.57,,,265.8,426.89,,334.02,969.71,,,9.2,,10.2,,,87.46,1067.37,1,,,38.1,19.31,,30.05,146.68,,,,,,,,49.12,195.8,,,,2.49,22.4,,24.23,4.05,,,4.3,,4.3,,,101.85,110.2,,,,19.05,35.29,,47.51,1280.73,5276.05,1867.1,20.2,1,1902.15,,,8110.49,16569.42,13.85,,,7612.2,467.98,,30.31,266.52,62.5,,2.27,,2.5,,,723.49,1055.01,0.23,,,286.48,416.17,,20.84,123.71,2844.29,92.5,14.85,15.4,134.94,,,2801.25,5904.19,12.19,,,2459.02,256.33,,85.9,381.08,5012.83,2568,16.4,12.59,2639.13,,,3772.09,11805.13,42.14,,,2101.1,1458.69,,212.3,5.45,,,,,,,,12.28,17.73,,,,,6.36,,5.92,32.53,,,13.8,,13.8,,,4.15,50.48,,,,,0.21,,3.94,45.47,,,,,,,,8.01,53.48,,,,0.1,1.56,,6.35,31.67,,,,,,,,3.04,34.71,,,,,1,,2.04,115.63,,50.4,8.82,,59.22,,,452.94,627.79,,,,403.56,21.66,,27.72,176.1,,299.5,181.65,10.75,507.27,,,1165.07,1848.44,15.37,,,831.75,254.66,,78.66,23.85,4681.82,119.25,2,,125.08,,,16405.75,21236.5,3.83,,,13453.27,835,1579,538.48,55.11,,,,,,,,4.68,59.79,,,,,2.76,,1.92,123.05,9983.12,969.1,43.55,6.4,1045.79,,,6536.77,17688.73,26.74,,,6087.61,386.06,,63.1,90.87,128.1,158.1,2,45.8,220.37,,,4657.18,5096.52,14.47,,,4360.49,287.98,,8.71,16.01,,,,,,,,17.53,33.54,,,,5,4.78,,7.75,49.1,,1957.5,159.76,,2215.73,,,2500.97,4765.8,98.47,,,2074.5,258.78,,167.69,218.82,,72.72,57.5,,139.44,,,575.52,933.78,9.22,,,298.4,262.71,,14.41,98.5,,300,24.12,,329.3,,,179.98,607.78,5.18,,,113.8,53.04,,13.14,5.25,,,,,,,,29.91,35.16,,,,25.05,4.59,,0.27,,,,,,,,,58.69,58.69,,,,6.34,51.54,,0.81,,,,,,,,,5.46,5.46,,,,2.49,2.97,,,,,,,,,,,41.01,41.01,,,,10.15,30.86,,,,,,,84,84,,,213,297,,,,8.96,202.58,,1.46,,,,,,,,,3.27,3.27,,,,0.75,,,2.52,,,,,,,,,35.53,35.53,,,,0.8,34.55,,0.18,,4.3,,,,,,,45.01,49.31,,,,,,,45.01,40.79,,,,,,,,7.8,48.59,,,,6,1.8,,
